google_dir,data_file,curator_PersonName,curator_organization,curator_email,modification_date,author_PersonName,author_email,author_orcid_id,addit_contact_person,addit_contact_email,bibliographical_reference,data_doi,network,site_code,location_name,lat,long,datum,elevation,map,mat,clim_avg_yrs,tx_start,aspect_deg,aspect_class,slope,slope_shape,drainage_class,depth_water,parent_transport,parent_material,rock_chem,land_cover,eco_region,loc_texture_class,plant,lit_c,lit_n,lit_p,lit_cn,lit_lig,npp,anpp,bnpp,bnpp_notes,litterfall_anpp,agb,bgb,bgb_lowerdiam,bgb_upperdiam,bgb_type,bgb_notes,bgb_c,bgb_n,bgb_cn,wood_lit_c,align_1,align_2,loc_comments,time_series,gradient,experiments,control_id,number_treatments,merge_align,key_version,L1,L1_level,L2,L2_level,L3,L3_level,L4,L4_level,L5,L5_level,tx_L1,tx_L1_level,tx_L2,tx_L2_level,tx_L3,tx_L3_level,tx_L4,tx_L4_level,tx_L5,tx_L5_level,tx_L6,tx_L6_level,observation_date,veg_note_profile,lyr_c_tot,lyr_soc,lyr_soc_stock,lyr_loi,lyr_som_WalkleyBlack,lyr_n_tot,lyr_n_tot_stock,lyr_c_to_n,lyr_15n,lyr_13c,layer_top,layer_bot,layer_mid,hzn,bd_samp,bd_tot,ph_cacl,ph_h2o,ph_other,sand,silt,clay,coarse_frac,coarse_tot,profile_texture_class,caco3,Ca,Mg,K,Na,cat_exch,base_sum,cec_sum,ecec,bs,mbc_trans,mbn_raw,p_ex_1,p_ex_2,p_ex_3,p_ex_4,n_min,soil_taxon,soil_series,comment_profile,lyr_al_py,lyr_si_py,lyr_fe_ox,lyr_al_ox,lyr_si_ox,lyr_fe_dith,lyr_al_dith,lyr_si_dith,frc_scheme,frc_low_cutoff,frc_high_cutoff,frc_notes,frc_c_tot,frc_oc,frc_n_tot,frc_c_to_n,bd_methods_notes,layer_thick_calc,lyr_soc_stock_calc,lyr_n_stock_calc,control_sample
AND_10YR_CN,AND_DIRT_10YR_CN_raw,Derek Pierson,Oregon State University,piersond@oregonstate.edu,3/7/2018,Derek Pierson,piersond@oregonstate.edu,0000-0003-3413-1693,Kate Lajtha,lajthak@science.oregonstate.edu,Not yet published,NA,DIRT,AND,H.J. Andrews,44.231,-122.22,NA,531,2370,8.8,1973-2002,1997,NA,NA,NA,NA,NA,NA,NA,NA,NA,forest,temperate coniferous forest,loam,"Old-growth Douglas-fir (Pseudotsuga menziesii (Mirbel) Franco), western hemlock (Tsuga heterophylla (Raf.) Sarg.)",NA,NA,NA,NA,NA,NA,NA,NA,NA,NA,NA,NA,NA,NA,NA,NA,NA,NA,NA,NA,NA,NA,NA,YES,NO,YES,CTL,6,NO,2,2,Plot,NA,NA,NA,NA,NA,NA,NA,NA,DL,litter_manip,NA,NA,NA,NA,NA,NA,NA,NA,NA,NA,2007,NA,NA,4.043,NA,NA,NA,0.189,NA,21.39153439,NA,NA,0,10,5,NA,0.82,NA,NA,5.2,NA,NA,NA,13,NA,NA,NA,NA,NA,NA,NA,NA,NA,NA,NA,NA,NA,NA,NA,NA,NA,NA,NA,NA,NA,NA,NA,NA,NA,NA,NA,NA,NA,NA,NA,NA,NA,NA,NA,NA,NA,NA,NA,NA,10,3315.26,154.98,FALSE
AND_10YR_CN,AND_DIRT_10YR_CN_raw,Derek Pierson,Oregon State University,piersond@oregonstate.edu,3/7/2018,Derek Pierson,piersond@oregonstate.edu,0000-0003-3413-1693,Kate Lajtha,lajthak@science.oregonstate.edu,Not yet published,NA,DIRT,AND,H.J. Andrews,44.231,-122.22,NA,531,2370,8.8,1973-2002,1997,NA,NA,NA,NA,NA,NA,NA,NA,NA,forest,temperate coniferous forest,loam,"Old-growth Douglas-fir (Pseudotsuga menziesii (Mirbel) Franco), western hemlock (Tsuga heterophylla (Raf.) Sarg.)",NA,NA,NA,NA,NA,NA,NA,NA,NA,NA,NA,NA,NA,NA,NA,NA,NA,NA,NA,NA,NA,NA,NA,YES,NO,YES,CTL,6,NO,2,17,Plot,NA,NA,NA,NA,NA,NA,NA,NA,DL,litter_manip,NA,NA,NA,NA,NA,NA,NA,NA,NA,NA,2007,NA,NA,6.585,NA,NA,NA,0.224,NA,29.39732143,NA,NA,0,10,5,NA,0.82,NA,NA,5.2,NA,NA,NA,13,NA,NA,NA,NA,NA,NA,NA,NA,NA,NA,NA,NA,NA,NA,NA,NA,NA,NA,NA,NA,NA,NA,NA,NA,NA,NA,NA,NA,NA,NA,NA,NA,NA,NA,NA,NA,NA,NA,NA,NA,10,5399.7,183.68,FALSE
AND_10YR_CN,AND_DIRT_10YR_CN_raw,Derek Pierson,Oregon State University,piersond@oregonstate.edu,3/7/2018,Derek Pierson,piersond@oregonstate.edu,0000-0003-3413-1693,Kate Lajtha,lajthak@science.oregonstate.edu,Not yet published,NA,DIRT,AND,H.J. Andrews,44.231,-122.22,NA,531,2370,8.8,1973-2002,1997,NA,NA,NA,NA,NA,NA,NA,NA,NA,forest,temperate coniferous forest,loam,"Old-growth Douglas-fir (Pseudotsuga menziesii (Mirbel) Franco), western hemlock (Tsuga heterophylla (Raf.) Sarg.)",NA,NA,NA,NA,NA,NA,NA,NA,NA,NA,NA,NA,NA,NA,NA,NA,NA,NA,NA,NA,NA,NA,NA,YES,NO,YES,CTL,6,NO,2,13,Plot,NA,NA,NA,NA,NA,NA,NA,NA,DL,litter_manip,NA,NA,NA,NA,NA,NA,NA,NA,NA,NA,2007,NA,NA,3.615,NA,NA,NA,0.155,NA,23.32258065,NA,NA,0,10,5,NA,0.82,NA,NA,5.2,NA,NA,NA,13,NA,NA,NA,NA,NA,NA,NA,NA,NA,NA,NA,NA,NA,NA,NA,NA,NA,NA,NA,NA,NA,NA,NA,NA,NA,NA,NA,NA,NA,NA,NA,NA,NA,NA,NA,NA,NA,NA,NA,NA,10,2964.3,127.1,FALSE
AND_10YR_CN,AND_DIRT_10YR_CN_raw,Derek Pierson,Oregon State University,piersond@oregonstate.edu,3/7/2018,Derek Pierson,piersond@oregonstate.edu,0000-0003-3413-1693,Kate Lajtha,lajthak@science.oregonstate.edu,Not yet published,NA,DIRT,AND,H.J. Andrews,44.231,-122.22,NA,531,2370,8.8,1973-2002,1997,NA,NA,NA,NA,NA,NA,NA,NA,NA,forest,temperate coniferous forest,loam,"Old-growth Douglas-fir (Pseudotsuga menziesii (Mirbel) Franco), western hemlock (Tsuga heterophylla (Raf.) Sarg.)",NA,NA,NA,NA,NA,NA,NA,NA,NA,NA,NA,NA,NA,NA,NA,NA,NA,NA,NA,NA,NA,NA,NA,YES,NO,YES,CTL,6,NO,2,10,Plot,NA,NA,NA,NA,NA,NA,NA,NA,DW,litter_manip,NA,NA,NA,NA,NA,NA,NA,NA,NA,NA,2007,NA,NA,5.735,NA,NA,NA,0.246,NA,23.31300813,NA,NA,0,10,5,NA,0.82,NA,NA,5.2,NA,NA,NA,13,NA,NA,NA,NA,NA,NA,NA,NA,NA,NA,NA,NA,NA,NA,NA,NA,NA,NA,NA,NA,NA,NA,NA,NA,NA,NA,NA,NA,NA,NA,NA,NA,NA,NA,NA,NA,NA,NA,NA,NA,10,4702.7,201.72,FALSE
AND_10YR_CN,AND_DIRT_10YR_CN_raw,Derek Pierson,Oregon State University,piersond@oregonstate.edu,3/7/2018,Derek Pierson,piersond@oregonstate.edu,0000-0003-3413-1693,Kate Lajtha,lajthak@science.oregonstate.edu,Not yet published,NA,DIRT,AND,H.J. Andrews,44.231,-122.22,NA,531,2370,8.8,1973-2002,1997,NA,NA,NA,NA,NA,NA,NA,NA,NA,forest,temperate coniferous forest,loam,"Old-growth Douglas-fir (Pseudotsuga menziesii (Mirbel) Franco), western hemlock (Tsuga heterophylla (Raf.) Sarg.)",NA,NA,NA,NA,NA,NA,NA,NA,NA,NA,NA,NA,NA,NA,NA,NA,NA,NA,NA,NA,NA,NA,NA,YES,NO,YES,CTL,6,NO,2,16,Plot,NA,NA,NA,NA,NA,NA,NA,NA,DW,litter_manip,NA,NA,NA,NA,NA,NA,NA,NA,NA,NA,2007,NA,NA,7.642,NA,NA,NA,0.169,NA,45.21893491,NA,NA,0,10,5,NA,0.82,NA,NA,5.2,NA,NA,NA,13,NA,NA,NA,NA,NA,NA,NA,NA,NA,NA,NA,NA,NA,NA,NA,NA,NA,NA,NA,NA,NA,NA,NA,NA,NA,NA,NA,NA,NA,NA,NA,NA,NA,NA,NA,NA,NA,NA,NA,NA,10,6266.44,138.58,FALSE
AND_10YR_CN,AND_DIRT_10YR_CN_raw,Derek Pierson,Oregon State University,piersond@oregonstate.edu,3/7/2018,Derek Pierson,piersond@oregonstate.edu,0000-0003-3413-1693,Kate Lajtha,lajthak@science.oregonstate.edu,Not yet published,NA,DIRT,AND,H.J. Andrews,44.231,-122.22,NA,531,2370,8.8,1973-2002,1997,NA,NA,NA,NA,NA,NA,NA,NA,NA,forest,temperate coniferous forest,loam,"Old-growth Douglas-fir (Pseudotsuga menziesii (Mirbel) Franco), western hemlock (Tsuga heterophylla (Raf.) Sarg.)",NA,NA,NA,NA,NA,NA,NA,NA,NA,NA,NA,NA,NA,NA,NA,NA,NA,NA,NA,NA,NA,NA,NA,YES,NO,YES,CTL,6,NO,2,5,Plot,NA,NA,NA,NA,NA,NA,NA,NA,DW,litter_manip,NA,NA,NA,NA,NA,NA,NA,NA,NA,NA,2007,NA,NA,4.765,NA,NA,NA,0.189,NA,25.21164021,NA,NA,0,10,5,NA,0.82,NA,NA,5.2,NA,NA,NA,13,NA,NA,NA,NA,NA,NA,NA,NA,NA,NA,NA,NA,NA,NA,NA,NA,NA,NA,NA,NA,NA,NA,NA,NA,NA,NA,NA,NA,NA,NA,NA,NA,NA,NA,NA,NA,NA,NA,NA,NA,10,3907.3,154.98,FALSE
AND_10YR_CN,AND_DIRT_10YR_CN_raw,Derek Pierson,Oregon State University,piersond@oregonstate.edu,3/7/2018,Derek Pierson,piersond@oregonstate.edu,0000-0003-3413-1693,Kate Lajtha,lajthak@science.oregonstate.edu,Not yet published,NA,DIRT,AND,H.J. Andrews,44.231,-122.22,NA,531,2370,8.8,1973-2002,1997,NA,NA,NA,NA,NA,NA,NA,NA,NA,forest,temperate coniferous forest,loam,"Old-growth Douglas-fir (Pseudotsuga menziesii (Mirbel) Franco), western hemlock (Tsuga heterophylla (Raf.) Sarg.)",NA,NA,NA,NA,NA,NA,NA,NA,NA,NA,NA,NA,NA,NA,NA,NA,NA,NA,NA,NA,NA,NA,NA,YES,NO,YES,CTL,6,NO,2,14,Plot,NA,NA,NA,NA,NA,NA,NA,NA,CTL,litter_manip,NA,NA,NA,NA,NA,NA,NA,NA,NA,NA,2007,NA,NA,6.426,NA,NA,NA,0.115,NA,55.87826087,NA,NA,0,10,5,NA,0.82,NA,NA,5.2,NA,NA,NA,13,NA,NA,NA,NA,NA,NA,NA,NA,NA,NA,NA,NA,NA,NA,NA,NA,NA,NA,NA,NA,NA,NA,NA,NA,NA,NA,NA,NA,NA,NA,NA,NA,NA,NA,NA,NA,NA,NA,NA,NA,10,5269.32,94.3,TRUE
AND_10YR_CN,AND_DIRT_10YR_CN_raw,Derek Pierson,Oregon State University,piersond@oregonstate.edu,3/7/2018,Derek Pierson,piersond@oregonstate.edu,0000-0003-3413-1693,Kate Lajtha,lajthak@science.oregonstate.edu,Not yet published,NA,DIRT,AND,H.J. Andrews,44.231,-122.22,NA,531,2370,8.8,1973-2002,1997,NA,NA,NA,NA,NA,NA,NA,NA,NA,forest,temperate coniferous forest,loam,"Old-growth Douglas-fir (Pseudotsuga menziesii (Mirbel) Franco), western hemlock (Tsuga heterophylla (Raf.) Sarg.)",NA,NA,NA,NA,NA,NA,NA,NA,NA,NA,NA,NA,NA,NA,NA,NA,NA,NA,NA,NA,NA,NA,NA,YES,NO,YES,CTL,6,NO,2,12,Plot,NA,NA,NA,NA,NA,NA,NA,NA,CTL,litter_manip,NA,NA,NA,NA,NA,NA,NA,NA,NA,NA,2007,NA,NA,8.717,NA,NA,NA,0.284,NA,30.69366197,NA,NA,0,10,5,NA,0.82,NA,NA,5.2,NA,NA,NA,13,NA,NA,NA,NA,NA,NA,NA,NA,NA,NA,NA,NA,NA,NA,NA,NA,NA,NA,NA,NA,NA,NA,NA,NA,NA,NA,NA,NA,NA,NA,NA,NA,NA,NA,NA,NA,NA,NA,NA,NA,10,7147.94,232.88,TRUE
AND_10YR_CN,AND_DIRT_10YR_CN_raw,Derek Pierson,Oregon State University,piersond@oregonstate.edu,3/7/2018,Derek Pierson,piersond@oregonstate.edu,0000-0003-3413-1693,Kate Lajtha,lajthak@science.oregonstate.edu,Not yet published,NA,DIRT,AND,H.J. Andrews,44.231,-122.22,NA,531,2370,8.8,1973-2002,1997,NA,NA,NA,NA,NA,NA,NA,NA,NA,forest,temperate coniferous forest,loam,"Old-growth Douglas-fir (Pseudotsuga menziesii (Mirbel) Franco), western hemlock (Tsuga heterophylla (Raf.) Sarg.)",NA,NA,NA,NA,NA,NA,NA,NA,NA,NA,NA,NA,NA,NA,NA,NA,NA,NA,NA,NA,NA,NA,NA,YES,NO,YES,CTL,6,NO,2,8,Plot,NA,NA,NA,NA,NA,NA,NA,NA,CTL,litter_manip,NA,NA,NA,NA,NA,NA,NA,NA,NA,NA,2007,NA,NA,2.972,NA,NA,NA,0.221,NA,13.4479638,NA,NA,0,10,5,NA,0.82,NA,NA,5.2,NA,NA,NA,13,NA,NA,NA,NA,NA,NA,NA,NA,NA,NA,NA,NA,NA,NA,NA,NA,NA,NA,NA,NA,NA,NA,NA,NA,NA,NA,NA,NA,NA,NA,NA,NA,NA,NA,NA,NA,NA,NA,NA,NA,10,2437.04,181.22,TRUE
AND_10YR_CN,AND_DIRT_10YR_CN_raw,Derek Pierson,Oregon State University,piersond@oregonstate.edu,3/7/2018,Derek Pierson,piersond@oregonstate.edu,0000-0003-3413-1693,Kate Lajtha,lajthak@science.oregonstate.edu,Not yet published,NA,DIRT,AND,H.J. Andrews,44.231,-122.22,NA,531,2370,8.8,1973-2002,1997,NA,NA,NA,NA,NA,NA,NA,NA,NA,forest,temperate coniferous forest,loam,"Old-growth Douglas-fir (Pseudotsuga menziesii (Mirbel) Franco), western hemlock (Tsuga heterophylla (Raf.) Sarg.)",NA,NA,NA,NA,NA,NA,NA,NA,NA,NA,NA,NA,NA,NA,NA,NA,NA,NA,NA,NA,NA,NA,NA,YES,NO,YES,CTL,6,NO,2,69,Plot,NA,NA,NA,NA,NA,NA,NA,NA,NI,litter_manip,NA,NA,NA,NA,NA,NA,NA,NA,NA,NA,2007,NA,NA,2.951,NA,NA,NA,0.149,NA,19.80536913,NA,NA,0,10,5,NA,0.82,NA,NA,5.2,NA,NA,NA,13,NA,NA,NA,NA,NA,NA,NA,NA,NA,NA,NA,NA,NA,NA,NA,NA,NA,NA,NA,NA,NA,NA,NA,NA,NA,NA,NA,NA,NA,NA,NA,NA,NA,NA,NA,NA,NA,NA,NA,NA,10,2419.82,122.18,FALSE
AND_10YR_CN,AND_DIRT_10YR_CN_raw,Derek Pierson,Oregon State University,piersond@oregonstate.edu,3/7/2018,Derek Pierson,piersond@oregonstate.edu,0000-0003-3413-1693,Kate Lajtha,lajthak@science.oregonstate.edu,Not yet published,NA,DIRT,AND,H.J. Andrews,44.231,-122.22,NA,531,2370,8.8,1973-2002,1997,NA,NA,NA,NA,NA,NA,NA,NA,NA,forest,temperate coniferous forest,loam,"Old-growth Douglas-fir (Pseudotsuga menziesii (Mirbel) Franco), western hemlock (Tsuga heterophylla (Raf.) Sarg.)",NA,NA,NA,NA,NA,NA,NA,NA,NA,NA,NA,NA,NA,NA,NA,NA,NA,NA,NA,NA,NA,NA,NA,YES,NO,YES,CTL,6,NO,2,49,Plot,NA,NA,NA,NA,NA,NA,NA,NA,NI,litter_manip,NA,NA,NA,NA,NA,NA,NA,NA,NA,NA,2007,NA,NA,3.026,NA,NA,NA,0.129,NA,23.45736434,NA,NA,0,10,5,NA,0.82,NA,NA,5.2,NA,NA,NA,13,NA,NA,NA,NA,NA,NA,NA,NA,NA,NA,NA,NA,NA,NA,NA,NA,NA,NA,NA,NA,NA,NA,NA,NA,NA,NA,NA,NA,NA,NA,NA,NA,NA,NA,NA,NA,NA,NA,NA,NA,10,2481.32,105.78,FALSE
AND_10YR_CN,AND_DIRT_10YR_CN_raw,Derek Pierson,Oregon State University,piersond@oregonstate.edu,3/7/2018,Derek Pierson,piersond@oregonstate.edu,0000-0003-3413-1693,Kate Lajtha,lajthak@science.oregonstate.edu,Not yet published,NA,DIRT,AND,H.J. Andrews,44.231,-122.22,NA,531,2370,8.8,1973-2002,1997,NA,NA,NA,NA,NA,NA,NA,NA,NA,forest,temperate coniferous forest,loam,"Old-growth Douglas-fir (Pseudotsuga menziesii (Mirbel) Franco), western hemlock (Tsuga heterophylla (Raf.) Sarg.)",NA,NA,NA,NA,NA,NA,NA,NA,NA,NA,NA,NA,NA,NA,NA,NA,NA,NA,NA,NA,NA,NA,NA,YES,NO,YES,CTL,6,NO,2,19,Plot,NA,NA,NA,NA,NA,NA,NA,NA,NI,litter_manip,NA,NA,NA,NA,NA,NA,NA,NA,NA,NA,2007,NA,NA,3.779,NA,NA,NA,0.133,NA,28.41353383,NA,NA,0,10,5,NA,0.82,NA,NA,5.2,NA,NA,NA,13,NA,NA,NA,NA,NA,NA,NA,NA,NA,NA,NA,NA,NA,NA,NA,NA,NA,NA,NA,NA,NA,NA,NA,NA,NA,NA,NA,NA,NA,NA,NA,NA,NA,NA,NA,NA,NA,NA,NA,NA,10,3098.78,109.06,FALSE
AND_10YR_CN,AND_DIRT_10YR_CN_raw,Derek Pierson,Oregon State University,piersond@oregonstate.edu,3/7/2018,Derek Pierson,piersond@oregonstate.edu,0000-0003-3413-1693,Kate Lajtha,lajthak@science.oregonstate.edu,Not yet published,NA,DIRT,AND,H.J. Andrews,44.231,-122.22,NA,531,2370,8.8,1973-2002,1997,NA,NA,NA,NA,NA,NA,NA,NA,NA,forest,temperate coniferous forest,loam,"Old-growth Douglas-fir (Pseudotsuga menziesii (Mirbel) Franco), western hemlock (Tsuga heterophylla (Raf.) Sarg.)",NA,NA,NA,NA,NA,NA,NA,NA,NA,NA,NA,NA,NA,NA,NA,NA,NA,NA,NA,NA,NA,NA,NA,YES,NO,YES,CTL,6,NO,2,11,Plot,NA,NA,NA,NA,NA,NA,NA,NA,NL,litter_manip,NA,NA,NA,NA,NA,NA,NA,NA,NA,NA,2007,NA,NA,2.872,NA,NA,NA,0.13,NA,22.09230769,NA,NA,0,10,5,NA,0.82,NA,NA,5.2,NA,NA,NA,13,NA,NA,NA,NA,NA,NA,NA,NA,NA,NA,NA,NA,NA,NA,NA,NA,NA,NA,NA,NA,NA,NA,NA,NA,NA,NA,NA,NA,NA,NA,NA,NA,NA,NA,NA,NA,NA,NA,NA,NA,10,2355.04,106.6,FALSE
AND_10YR_CN,AND_DIRT_10YR_CN_raw,Derek Pierson,Oregon State University,piersond@oregonstate.edu,3/7/2018,Derek Pierson,piersond@oregonstate.edu,0000-0003-3413-1693,Kate Lajtha,lajthak@science.oregonstate.edu,Not yet published,NA,DIRT,AND,H.J. Andrews,44.231,-122.22,NA,531,2370,8.8,1973-2002,1997,NA,NA,NA,NA,NA,NA,NA,NA,NA,forest,temperate coniferous forest,loam,"Old-growth Douglas-fir (Pseudotsuga menziesii (Mirbel) Franco), western hemlock (Tsuga heterophylla (Raf.) Sarg.)",NA,NA,NA,NA,NA,NA,NA,NA,NA,NA,NA,NA,NA,NA,NA,NA,NA,NA,NA,NA,NA,NA,NA,YES,NO,YES,CTL,6,NO,2,7,Plot,NA,NA,NA,NA,NA,NA,NA,NA,NL,litter_manip,NA,NA,NA,NA,NA,NA,NA,NA,NA,NA,2007,NA,NA,2.859,NA,NA,NA,0.148,NA,19.31756757,NA,NA,0,10,5,NA,0.82,NA,NA,5.2,NA,NA,NA,13,NA,NA,NA,NA,NA,NA,NA,NA,NA,NA,NA,NA,NA,NA,NA,NA,NA,NA,NA,NA,NA,NA,NA,NA,NA,NA,NA,NA,NA,NA,NA,NA,NA,NA,NA,NA,NA,NA,NA,NA,10,2344.38,121.36,FALSE
AND_10YR_CN,AND_DIRT_10YR_CN_raw,Derek Pierson,Oregon State University,piersond@oregonstate.edu,3/7/2018,Derek Pierson,piersond@oregonstate.edu,0000-0003-3413-1693,Kate Lajtha,lajthak@science.oregonstate.edu,Not yet published,NA,DIRT,AND,H.J. Andrews,44.231,-122.22,NA,531,2370,8.8,1973-2002,1997,NA,NA,NA,NA,NA,NA,NA,NA,NA,forest,temperate coniferous forest,loam,"Old-growth Douglas-fir (Pseudotsuga menziesii (Mirbel) Franco), western hemlock (Tsuga heterophylla (Raf.) Sarg.)",NA,NA,NA,NA,NA,NA,NA,NA,NA,NA,NA,NA,NA,NA,NA,NA,NA,NA,NA,NA,NA,NA,NA,YES,NO,YES,CTL,6,NO,2,3,Plot,NA,NA,NA,NA,NA,NA,NA,NA,NL,litter_manip,NA,NA,NA,NA,NA,NA,NA,NA,NA,NA,2007,NA,NA,3.497,NA,NA,NA,0.129,NA,27.10852713,NA,NA,0,10,5,NA,0.82,NA,NA,5.2,NA,NA,NA,13,NA,NA,NA,NA,NA,NA,NA,NA,NA,NA,NA,NA,NA,NA,NA,NA,NA,NA,NA,NA,NA,NA,NA,NA,NA,NA,NA,NA,NA,NA,NA,NA,NA,NA,NA,NA,NA,NA,NA,NA,10,2867.54,105.78,FALSE
AND_10YR_CN,AND_DIRT_10YR_CN_raw,Derek Pierson,Oregon State University,piersond@oregonstate.edu,3/7/2018,Derek Pierson,piersond@oregonstate.edu,0000-0003-3413-1693,Kate Lajtha,lajthak@science.oregonstate.edu,Not yet published,NA,DIRT,AND,H.J. Andrews,44.231,-122.22,NA,531,2370,8.8,1973-2002,1997,NA,NA,NA,NA,NA,NA,NA,NA,NA,forest,temperate coniferous forest,loam,"Old-growth Douglas-fir (Pseudotsuga menziesii (Mirbel) Franco), western hemlock (Tsuga heterophylla (Raf.) Sarg.)",NA,NA,NA,NA,NA,NA,NA,NA,NA,NA,NA,NA,NA,NA,NA,NA,NA,NA,NA,NA,NA,NA,NA,YES,NO,YES,CTL,6,NO,2,6,Plot,NA,NA,NA,NA,NA,NA,NA,NA,NR,litter_manip,NA,NA,NA,NA,NA,NA,NA,NA,NA,NA,2007,NA,NA,3.471,NA,NA,NA,0.159,NA,21.83018868,NA,NA,0,10,5,NA,0.82,NA,NA,5.2,NA,NA,NA,13,NA,NA,NA,NA,NA,NA,NA,NA,NA,NA,NA,NA,NA,NA,NA,NA,NA,NA,NA,NA,NA,NA,NA,NA,NA,NA,NA,NA,NA,NA,NA,NA,NA,NA,NA,NA,NA,NA,NA,NA,10,2846.22,130.38,FALSE
AND_10YR_CN,AND_DIRT_10YR_CN_raw,Derek Pierson,Oregon State University,piersond@oregonstate.edu,3/7/2018,Derek Pierson,piersond@oregonstate.edu,0000-0003-3413-1693,Kate Lajtha,lajthak@science.oregonstate.edu,Not yet published,NA,DIRT,AND,H.J. Andrews,44.231,-122.22,NA,531,2370,8.8,1973-2002,1997,NA,NA,NA,NA,NA,NA,NA,NA,NA,forest,temperate coniferous forest,loam,"Old-growth Douglas-fir (Pseudotsuga menziesii (Mirbel) Franco), western hemlock (Tsuga heterophylla (Raf.) Sarg.)",NA,NA,NA,NA,NA,NA,NA,NA,NA,NA,NA,NA,NA,NA,NA,NA,NA,NA,NA,NA,NA,NA,NA,YES,NO,YES,CTL,6,NO,2,1,Plot,NA,NA,NA,NA,NA,NA,NA,NA,NR,litter_manip,NA,NA,NA,NA,NA,NA,NA,NA,NA,NA,2007,NA,NA,4.152,NA,NA,NA,0.151,NA,27.49668874,NA,NA,0,10,5,NA,0.82,NA,NA,5.2,NA,NA,NA,13,NA,NA,NA,NA,NA,NA,NA,NA,NA,NA,NA,NA,NA,NA,NA,NA,NA,NA,NA,NA,NA,NA,NA,NA,NA,NA,NA,NA,NA,NA,NA,NA,NA,NA,NA,NA,NA,NA,NA,NA,10,3404.64,123.82,FALSE
AND_10YR_CN,AND_DIRT_10YR_CN_raw,Derek Pierson,Oregon State University,piersond@oregonstate.edu,3/7/2018,Derek Pierson,piersond@oregonstate.edu,0000-0003-3413-1693,Kate Lajtha,lajthak@science.oregonstate.edu,Not yet published,NA,DIRT,AND,H.J. Andrews,44.231,-122.22,NA,531,2370,8.8,1973-2002,1997,NA,NA,NA,NA,NA,NA,NA,NA,NA,forest,temperate coniferous forest,loam,"Old-growth Douglas-fir (Pseudotsuga menziesii (Mirbel) Franco), western hemlock (Tsuga heterophylla (Raf.) Sarg.)",NA,NA,NA,NA,NA,NA,NA,NA,NA,NA,NA,NA,NA,NA,NA,NA,NA,NA,NA,NA,NA,NA,NA,YES,NO,YES,CTL,6,NO,2,4,Plot,NA,NA,NA,NA,NA,NA,NA,NA,NR,litter_manip,NA,NA,NA,NA,NA,NA,NA,NA,NA,NA,2007,NA,NA,3.563,NA,NA,NA,0.164,NA,21.72560976,NA,NA,0,10,5,NA,0.82,NA,NA,5.2,NA,NA,NA,13,NA,NA,NA,NA,NA,NA,NA,NA,NA,NA,NA,NA,NA,NA,NA,NA,NA,NA,NA,NA,NA,NA,NA,NA,NA,NA,NA,NA,NA,NA,NA,NA,NA,NA,NA,NA,NA,NA,NA,NA,10,2921.66,134.48,FALSE
AND_10YR_DenseFrac,AND_DIRT_10YR_CN_densefrac.csv,Derek Pierson,Oregon State University,piersond@oregonstate.edu,3/7/2018,Derek Pierson,piersond@oregonstate.edu,0000-0003-3413-1693,Kate Lajtha,lajthak@science.oregonstate.edu,Not yet published,NA,DIRT,AND,H.J. Andrews,44.231,-122.22,NA,531,2370,8.8,1973-2002,1997,NA,NA,NA,NA,NA,NA,NA,NA,NA,forest,temperate coniferous forest,loam,"Old-growth Douglas-fir (Pseudotsuga menziesii (Mirbel) Franco), western hemlock (Tsuga heterophylla (Raf.) Sarg.)",NA,NA,NA,NA,NA,NA,NA,NA,NA,NA,NA,NA,NA,NA,NA,NA,NA,NA,NA,NA,NA,NA,NA,YES,NO,YES,CTL,6,NO,2,NA,NA,NA,NA,NA,NA,NA,NA,NA,NA,DL,litter_manip,NA,NA,NA,NA,NA,NA,NA,NA,NA,NA,2007,NA,NA,NA,NA,NA,NA,NA,NA,NA,NA,NA,0,10,5,NA,0.82,NA,NA,5.2,NA,NA,NA,13,NA,NA,NA,NA,NA,NA,NA,NA,NA,NA,NA,NA,NA,NA,NA,NA,NA,NA,NA,NA,NA,NA,NA,NA,NA,NA,NA,NA,NA,NA,NA,SPT,0,>2.65,NA,NA,4.748,0.189,25.08,NA,10,NA,NA,FALSE
AND_10YR_DenseFrac,AND_DIRT_10YR_CN_densefrac.csv,Derek Pierson,Oregon State University,piersond@oregonstate.edu,3/7/2018,Derek Pierson,piersond@oregonstate.edu,0000-0003-3413-1693,Kate Lajtha,lajthak@science.oregonstate.edu,Not yet published,NA,DIRT,AND,H.J. Andrews,44.231,-122.22,NA,531,2370,8.8,1973-2002,1997,NA,NA,NA,NA,NA,NA,NA,NA,NA,forest,temperate coniferous forest,loam,"Old-growth Douglas-fir (Pseudotsuga menziesii (Mirbel) Franco), western hemlock (Tsuga heterophylla (Raf.) Sarg.)",NA,NA,NA,NA,NA,NA,NA,NA,NA,NA,NA,NA,NA,NA,NA,NA,NA,NA,NA,NA,NA,NA,NA,YES,NO,YES,CTL,6,NO,2,NA,NA,NA,NA,NA,NA,NA,NA,NA,NA,DW,litter_manip,NA,NA,NA,NA,NA,NA,NA,NA,NA,NA,2007,NA,NA,NA,NA,NA,NA,NA,NA,NA,NA,NA,0,10,5,NA,0.82,NA,NA,5.2,NA,NA,NA,13,NA,NA,NA,NA,NA,NA,NA,NA,NA,NA,NA,NA,NA,NA,NA,NA,NA,NA,NA,NA,NA,NA,NA,NA,NA,NA,NA,NA,NA,NA,NA,SPT,0,>2.65,NA,NA,6.047,0.201,30.051,NA,10,NA,NA,FALSE
AND_10YR_DenseFrac,AND_DIRT_10YR_CN_densefrac.csv,Derek Pierson,Oregon State University,piersond@oregonstate.edu,3/7/2018,Derek Pierson,piersond@oregonstate.edu,0000-0003-3413-1693,Kate Lajtha,lajthak@science.oregonstate.edu,Not yet published,NA,DIRT,AND,H.J. Andrews,44.231,-122.22,NA,531,2370,8.8,1973-2002,1997,NA,NA,NA,NA,NA,NA,NA,NA,NA,forest,temperate coniferous forest,loam,"Old-growth Douglas-fir (Pseudotsuga menziesii (Mirbel) Franco), western hemlock (Tsuga heterophylla (Raf.) Sarg.)",NA,NA,NA,NA,NA,NA,NA,NA,NA,NA,NA,NA,NA,NA,NA,NA,NA,NA,NA,NA,NA,NA,NA,YES,NO,YES,CTL,6,NO,2,NA,NA,NA,NA,NA,NA,NA,NA,NA,NA,CTL,litter_manip,NA,NA,NA,NA,NA,NA,NA,NA,NA,NA,2007,NA,NA,NA,NA,NA,NA,NA,NA,NA,NA,NA,0,10,5,NA,0.82,NA,NA,5.2,NA,NA,NA,13,NA,NA,NA,NA,NA,NA,NA,NA,NA,NA,NA,NA,NA,NA,NA,NA,NA,NA,NA,NA,NA,NA,NA,NA,NA,NA,NA,NA,NA,NA,NA,SPT,0,>2.65,NA,NA,6.038,0.207,29.208,NA,10,NA,NA,TRUE
AND_10YR_DenseFrac,AND_DIRT_10YR_CN_densefrac.csv,Derek Pierson,Oregon State University,piersond@oregonstate.edu,3/7/2018,Derek Pierson,piersond@oregonstate.edu,0000-0003-3413-1693,Kate Lajtha,lajthak@science.oregonstate.edu,Not yet published,NA,DIRT,AND,H.J. Andrews,44.231,-122.22,NA,531,2370,8.8,1973-2002,1997,NA,NA,NA,NA,NA,NA,NA,NA,NA,forest,temperate coniferous forest,loam,"Old-growth Douglas-fir (Pseudotsuga menziesii (Mirbel) Franco), western hemlock (Tsuga heterophylla (Raf.) Sarg.)",NA,NA,NA,NA,NA,NA,NA,NA,NA,NA,NA,NA,NA,NA,NA,NA,NA,NA,NA,NA,NA,NA,NA,YES,NO,YES,CTL,6,NO,2,NA,NA,NA,NA,NA,NA,NA,NA,NA,NA,NI,litter_manip,NA,NA,NA,NA,NA,NA,NA,NA,NA,NA,2007,NA,NA,NA,NA,NA,NA,NA,NA,NA,NA,NA,0,10,5,NA,0.82,NA,NA,5.2,NA,NA,NA,13,NA,NA,NA,NA,NA,NA,NA,NA,NA,NA,NA,NA,NA,NA,NA,NA,NA,NA,NA,NA,NA,NA,NA,NA,NA,NA,NA,NA,NA,NA,NA,SPT,0,>2.65,NA,NA,3.252,0.137,23.714,NA,10,NA,NA,FALSE
AND_10YR_DenseFrac,AND_DIRT_10YR_CN_densefrac.csv,Derek Pierson,Oregon State University,piersond@oregonstate.edu,3/7/2018,Derek Pierson,piersond@oregonstate.edu,0000-0003-3413-1693,Kate Lajtha,lajthak@science.oregonstate.edu,Not yet published,NA,DIRT,AND,H.J. Andrews,44.231,-122.22,NA,531,2370,8.8,1973-2002,1997,NA,NA,NA,NA,NA,NA,NA,NA,NA,forest,temperate coniferous forest,loam,"Old-growth Douglas-fir (Pseudotsuga menziesii (Mirbel) Franco), western hemlock (Tsuga heterophylla (Raf.) Sarg.)",NA,NA,NA,NA,NA,NA,NA,NA,NA,NA,NA,NA,NA,NA,NA,NA,NA,NA,NA,NA,NA,NA,NA,YES,NO,YES,CTL,6,NO,2,NA,NA,NA,NA,NA,NA,NA,NA,NA,NA,NL,litter_manip,NA,NA,NA,NA,NA,NA,NA,NA,NA,NA,2007,NA,NA,NA,NA,NA,NA,NA,NA,NA,NA,NA,0,10,5,NA,0.82,NA,NA,5.2,NA,NA,NA,13,NA,NA,NA,NA,NA,NA,NA,NA,NA,NA,NA,NA,NA,NA,NA,NA,NA,NA,NA,NA,NA,NA,NA,NA,NA,NA,NA,NA,NA,NA,NA,SPT,0,>2.65,NA,NA,3.076,0.136,22.684,NA,10,NA,NA,FALSE
AND_10YR_DenseFrac,AND_DIRT_10YR_CN_densefrac.csv,Derek Pierson,Oregon State University,piersond@oregonstate.edu,3/7/2018,Derek Pierson,piersond@oregonstate.edu,0000-0003-3413-1693,Kate Lajtha,lajthak@science.oregonstate.edu,Not yet published,NA,DIRT,AND,H.J. Andrews,44.231,-122.22,NA,531,2370,8.8,1973-2002,1997,NA,NA,NA,NA,NA,NA,NA,NA,NA,forest,temperate coniferous forest,loam,"Old-growth Douglas-fir (Pseudotsuga menziesii (Mirbel) Franco), western hemlock (Tsuga heterophylla (Raf.) Sarg.)",NA,NA,NA,NA,NA,NA,NA,NA,NA,NA,NA,NA,NA,NA,NA,NA,NA,NA,NA,NA,NA,NA,NA,YES,NO,YES,CTL,6,NO,2,NA,NA,NA,NA,NA,NA,NA,NA,NA,NA,NR,litter_manip,NA,NA,NA,NA,NA,NA,NA,NA,NA,NA,2007,NA,NA,NA,NA,NA,NA,NA,NA,NA,NA,NA,0,10,5,NA,0.82,NA,NA,5.2,NA,NA,NA,13,NA,NA,NA,NA,NA,NA,NA,NA,NA,NA,NA,NA,NA,NA,NA,NA,NA,NA,NA,NA,NA,NA,NA,NA,NA,NA,NA,NA,NA,NA,NA,SPT,0,>2.65,NA,NA,3.729,0.158,23.569,NA,10,NA,NA,FALSE
AND_10YR_DenseFrac,AND_DIRT_10YR_CN_densefrac.csv,Derek Pierson,Oregon State University,piersond@oregonstate.edu,3/7/2018,Derek Pierson,piersond@oregonstate.edu,0000-0003-3413-1693,Kate Lajtha,lajthak@science.oregonstate.edu,Not yet published,NA,DIRT,AND,H.J. Andrews,44.231,-122.22,NA,531,2370,8.8,1973-2002,1997,NA,NA,NA,NA,NA,NA,NA,NA,NA,forest,temperate coniferous forest,loam,"Old-growth Douglas-fir (Pseudotsuga menziesii (Mirbel) Franco), western hemlock (Tsuga heterophylla (Raf.) Sarg.)",NA,NA,NA,NA,NA,NA,NA,NA,NA,NA,NA,NA,NA,NA,NA,NA,NA,NA,NA,NA,NA,NA,NA,YES,NO,YES,CTL,6,NO,2,NA,NA,NA,NA,NA,NA,NA,NA,NA,NA,DL,litter_manip,NA,NA,NA,NA,NA,NA,NA,NA,NA,NA,2007,NA,NA,NA,NA,NA,NA,NA,NA,NA,NA,NA,0,10,5,NA,0.82,NA,NA,5.2,NA,NA,NA,13,NA,NA,NA,NA,NA,NA,NA,NA,NA,NA,NA,NA,NA,NA,NA,NA,NA,NA,NA,NA,NA,NA,NA,NA,NA,NA,NA,NA,NA,NA,NA,SPT,0,1.65,NA,NA,38.367,0.694,55.281,NA,10,NA,NA,FALSE
AND_10YR_DenseFrac,AND_DIRT_10YR_CN_densefrac.csv,Derek Pierson,Oregon State University,piersond@oregonstate.edu,3/7/2018,Derek Pierson,piersond@oregonstate.edu,0000-0003-3413-1693,Kate Lajtha,lajthak@science.oregonstate.edu,Not yet published,NA,DIRT,AND,H.J. Andrews,44.231,-122.22,NA,531,2370,8.8,1973-2002,1997,NA,NA,NA,NA,NA,NA,NA,NA,NA,forest,temperate coniferous forest,loam,"Old-growth Douglas-fir (Pseudotsuga menziesii (Mirbel) Franco), western hemlock (Tsuga heterophylla (Raf.) Sarg.)",NA,NA,NA,NA,NA,NA,NA,NA,NA,NA,NA,NA,NA,NA,NA,NA,NA,NA,NA,NA,NA,NA,NA,YES,NO,YES,CTL,6,NO,2,NA,NA,NA,NA,NA,NA,NA,NA,NA,NA,DW,litter_manip,NA,NA,NA,NA,NA,NA,NA,NA,NA,NA,2007,NA,NA,NA,NA,NA,NA,NA,NA,NA,NA,NA,0,10,5,NA,0.82,NA,NA,5.2,NA,NA,NA,13,NA,NA,NA,NA,NA,NA,NA,NA,NA,NA,NA,NA,NA,NA,NA,NA,NA,NA,NA,NA,NA,NA,NA,NA,NA,NA,NA,NA,NA,NA,NA,SPT,0,1.65,NA,NA,38.61,0.715,54.013,NA,10,NA,NA,FALSE
AND_10YR_DenseFrac,AND_DIRT_10YR_CN_densefrac.csv,Derek Pierson,Oregon State University,piersond@oregonstate.edu,3/7/2018,Derek Pierson,piersond@oregonstate.edu,0000-0003-3413-1693,Kate Lajtha,lajthak@science.oregonstate.edu,Not yet published,NA,DIRT,AND,H.J. Andrews,44.231,-122.22,NA,531,2370,8.8,1973-2002,1997,NA,NA,NA,NA,NA,NA,NA,NA,NA,forest,temperate coniferous forest,loam,"Old-growth Douglas-fir (Pseudotsuga menziesii (Mirbel) Franco), western hemlock (Tsuga heterophylla (Raf.) Sarg.)",NA,NA,NA,NA,NA,NA,NA,NA,NA,NA,NA,NA,NA,NA,NA,NA,NA,NA,NA,NA,NA,NA,NA,YES,NO,YES,CTL,6,NO,2,NA,NA,NA,NA,NA,NA,NA,NA,NA,NA,CTL,litter_manip,NA,NA,NA,NA,NA,NA,NA,NA,NA,NA,2007,NA,NA,NA,NA,NA,NA,NA,NA,NA,NA,NA,0,10,5,NA,0.82,NA,NA,5.2,NA,NA,NA,13,NA,NA,NA,NA,NA,NA,NA,NA,NA,NA,NA,NA,NA,NA,NA,NA,NA,NA,NA,NA,NA,NA,NA,NA,NA,NA,NA,NA,NA,NA,NA,SPT,0,1.65,NA,NA,37.037,0.684,54.155,NA,10,NA,NA,TRUE
AND_10YR_DenseFrac,AND_DIRT_10YR_CN_densefrac.csv,Derek Pierson,Oregon State University,piersond@oregonstate.edu,3/7/2018,Derek Pierson,piersond@oregonstate.edu,0000-0003-3413-1693,Kate Lajtha,lajthak@science.oregonstate.edu,Not yet published,NA,DIRT,AND,H.J. Andrews,44.231,-122.22,NA,531,2370,8.8,1973-2002,1997,NA,NA,NA,NA,NA,NA,NA,NA,NA,forest,temperate coniferous forest,loam,"Old-growth Douglas-fir (Pseudotsuga menziesii (Mirbel) Franco), western hemlock (Tsuga heterophylla (Raf.) Sarg.)",NA,NA,NA,NA,NA,NA,NA,NA,NA,NA,NA,NA,NA,NA,NA,NA,NA,NA,NA,NA,NA,NA,NA,YES,NO,YES,CTL,6,NO,2,NA,NA,NA,NA,NA,NA,NA,NA,NA,NA,NI,litter_manip,NA,NA,NA,NA,NA,NA,NA,NA,NA,NA,2007,NA,NA,NA,NA,NA,NA,NA,NA,NA,NA,NA,0,10,5,NA,0.82,NA,NA,5.2,NA,NA,NA,13,NA,NA,NA,NA,NA,NA,NA,NA,NA,NA,NA,NA,NA,NA,NA,NA,NA,NA,NA,NA,NA,NA,NA,NA,NA,NA,NA,NA,NA,NA,NA,SPT,0,1.65,NA,NA,37.352,0.679,54.994,NA,10,NA,NA,FALSE
AND_10YR_DenseFrac,AND_DIRT_10YR_CN_densefrac.csv,Derek Pierson,Oregon State University,piersond@oregonstate.edu,3/7/2018,Derek Pierson,piersond@oregonstate.edu,0000-0003-3413-1693,Kate Lajtha,lajthak@science.oregonstate.edu,Not yet published,NA,DIRT,AND,H.J. Andrews,44.231,-122.22,NA,531,2370,8.8,1973-2002,1997,NA,NA,NA,NA,NA,NA,NA,NA,NA,forest,temperate coniferous forest,loam,"Old-growth Douglas-fir (Pseudotsuga menziesii (Mirbel) Franco), western hemlock (Tsuga heterophylla (Raf.) Sarg.)",NA,NA,NA,NA,NA,NA,NA,NA,NA,NA,NA,NA,NA,NA,NA,NA,NA,NA,NA,NA,NA,NA,NA,YES,NO,YES,CTL,6,NO,2,NA,NA,NA,NA,NA,NA,NA,NA,NA,NA,NL,litter_manip,NA,NA,NA,NA,NA,NA,NA,NA,NA,NA,2007,NA,NA,NA,NA,NA,NA,NA,NA,NA,NA,NA,0,10,5,NA,0.82,NA,NA,5.2,NA,NA,NA,13,NA,NA,NA,NA,NA,NA,NA,NA,NA,NA,NA,NA,NA,NA,NA,NA,NA,NA,NA,NA,NA,NA,NA,NA,NA,NA,NA,NA,NA,NA,NA,SPT,0,1.65,NA,NA,36.5,0.675,54.085,NA,10,NA,NA,FALSE
AND_10YR_DenseFrac,AND_DIRT_10YR_CN_densefrac.csv,Derek Pierson,Oregon State University,piersond@oregonstate.edu,3/7/2018,Derek Pierson,piersond@oregonstate.edu,0000-0003-3413-1693,Kate Lajtha,lajthak@science.oregonstate.edu,Not yet published,NA,DIRT,AND,H.J. Andrews,44.231,-122.22,NA,531,2370,8.8,1973-2002,1997,NA,NA,NA,NA,NA,NA,NA,NA,NA,forest,temperate coniferous forest,loam,"Old-growth Douglas-fir (Pseudotsuga menziesii (Mirbel) Franco), western hemlock (Tsuga heterophylla (Raf.) Sarg.)",NA,NA,NA,NA,NA,NA,NA,NA,NA,NA,NA,NA,NA,NA,NA,NA,NA,NA,NA,NA,NA,NA,NA,YES,NO,YES,CTL,6,NO,2,NA,NA,NA,NA,NA,NA,NA,NA,NA,NA,NR,litter_manip,NA,NA,NA,NA,NA,NA,NA,NA,NA,NA,2007,NA,NA,NA,NA,NA,NA,NA,NA,NA,NA,NA,0,10,5,NA,0.82,NA,NA,5.2,NA,NA,NA,13,NA,NA,NA,NA,NA,NA,NA,NA,NA,NA,NA,NA,NA,NA,NA,NA,NA,NA,NA,NA,NA,NA,NA,NA,NA,NA,NA,NA,NA,NA,NA,SPT,0,1.65,NA,NA,37.743,0.705,53.544,NA,10,NA,NA,FALSE
AND_10YR_DenseFrac,AND_DIRT_10YR_CN_densefrac.csv,Derek Pierson,Oregon State University,piersond@oregonstate.edu,3/7/2018,Derek Pierson,piersond@oregonstate.edu,0000-0003-3413-1693,Kate Lajtha,lajthak@science.oregonstate.edu,Not yet published,NA,DIRT,AND,H.J. Andrews,44.231,-122.22,NA,531,2370,8.8,1973-2002,1997,NA,NA,NA,NA,NA,NA,NA,NA,NA,forest,temperate coniferous forest,loam,"Old-growth Douglas-fir (Pseudotsuga menziesii (Mirbel) Franco), western hemlock (Tsuga heterophylla (Raf.) Sarg.)",NA,NA,NA,NA,NA,NA,NA,NA,NA,NA,NA,NA,NA,NA,NA,NA,NA,NA,NA,NA,NA,NA,NA,YES,NO,YES,CTL,6,NO,2,NA,NA,NA,NA,NA,NA,NA,NA,NA,NA,DL,litter_manip,NA,NA,NA,NA,NA,NA,NA,NA,NA,NA,2007,NA,NA,NA,NA,NA,NA,NA,NA,NA,NA,NA,0,10,5,NA,0.82,NA,NA,5.2,NA,NA,NA,13,NA,NA,NA,NA,NA,NA,NA,NA,NA,NA,NA,NA,NA,NA,NA,NA,NA,NA,NA,NA,NA,NA,NA,NA,NA,NA,NA,NA,NA,NA,NA,SPT,1.65,1.85,NA,NA,31.11,0.638,48.779,NA,10,NA,NA,FALSE
AND_10YR_DenseFrac,AND_DIRT_10YR_CN_densefrac.csv,Derek Pierson,Oregon State University,piersond@oregonstate.edu,3/7/2018,Derek Pierson,piersond@oregonstate.edu,0000-0003-3413-1693,Kate Lajtha,lajthak@science.oregonstate.edu,Not yet published,NA,DIRT,AND,H.J. Andrews,44.231,-122.22,NA,531,2370,8.8,1973-2002,1997,NA,NA,NA,NA,NA,NA,NA,NA,NA,forest,temperate coniferous forest,loam,"Old-growth Douglas-fir (Pseudotsuga menziesii (Mirbel) Franco), western hemlock (Tsuga heterophylla (Raf.) Sarg.)",NA,NA,NA,NA,NA,NA,NA,NA,NA,NA,NA,NA,NA,NA,NA,NA,NA,NA,NA,NA,NA,NA,NA,YES,NO,YES,CTL,6,NO,2,NA,NA,NA,NA,NA,NA,NA,NA,NA,NA,DW,litter_manip,NA,NA,NA,NA,NA,NA,NA,NA,NA,NA,2007,NA,NA,NA,NA,NA,NA,NA,NA,NA,NA,NA,0,10,5,NA,0.82,NA,NA,5.2,NA,NA,NA,13,NA,NA,NA,NA,NA,NA,NA,NA,NA,NA,NA,NA,NA,NA,NA,NA,NA,NA,NA,NA,NA,NA,NA,NA,NA,NA,NA,NA,NA,NA,NA,SPT,1.65,1.85,NA,NA,32.377,0.788,41.082,NA,10,NA,NA,FALSE
AND_10YR_DenseFrac,AND_DIRT_10YR_CN_densefrac.csv,Derek Pierson,Oregon State University,piersond@oregonstate.edu,3/7/2018,Derek Pierson,piersond@oregonstate.edu,0000-0003-3413-1693,Kate Lajtha,lajthak@science.oregonstate.edu,Not yet published,NA,DIRT,AND,H.J. Andrews,44.231,-122.22,NA,531,2370,8.8,1973-2002,1997,NA,NA,NA,NA,NA,NA,NA,NA,NA,forest,temperate coniferous forest,loam,"Old-growth Douglas-fir (Pseudotsuga menziesii (Mirbel) Franco), western hemlock (Tsuga heterophylla (Raf.) Sarg.)",NA,NA,NA,NA,NA,NA,NA,NA,NA,NA,NA,NA,NA,NA,NA,NA,NA,NA,NA,NA,NA,NA,NA,YES,NO,YES,CTL,6,NO,2,NA,NA,NA,NA,NA,NA,NA,NA,NA,NA,CTL,litter_manip,NA,NA,NA,NA,NA,NA,NA,NA,NA,NA,2007,NA,NA,NA,NA,NA,NA,NA,NA,NA,NA,NA,0,10,5,NA,0.82,NA,NA,5.2,NA,NA,NA,13,NA,NA,NA,NA,NA,NA,NA,NA,NA,NA,NA,NA,NA,NA,NA,NA,NA,NA,NA,NA,NA,NA,NA,NA,NA,NA,NA,NA,NA,NA,NA,SPT,1.65,1.85,NA,NA,30.223,0.692,43.662,NA,10,NA,NA,TRUE
AND_10YR_DenseFrac,AND_DIRT_10YR_CN_densefrac.csv,Derek Pierson,Oregon State University,piersond@oregonstate.edu,3/7/2018,Derek Pierson,piersond@oregonstate.edu,0000-0003-3413-1693,Kate Lajtha,lajthak@science.oregonstate.edu,Not yet published,NA,DIRT,AND,H.J. Andrews,44.231,-122.22,NA,531,2370,8.8,1973-2002,1997,NA,NA,NA,NA,NA,NA,NA,NA,NA,forest,temperate coniferous forest,loam,"Old-growth Douglas-fir (Pseudotsuga menziesii (Mirbel) Franco), western hemlock (Tsuga heterophylla (Raf.) Sarg.)",NA,NA,NA,NA,NA,NA,NA,NA,NA,NA,NA,NA,NA,NA,NA,NA,NA,NA,NA,NA,NA,NA,NA,YES,NO,YES,CTL,6,NO,2,NA,NA,NA,NA,NA,NA,NA,NA,NA,NA,NI,litter_manip,NA,NA,NA,NA,NA,NA,NA,NA,NA,NA,2007,NA,NA,NA,NA,NA,NA,NA,NA,NA,NA,NA,0,10,5,NA,0.82,NA,NA,5.2,NA,NA,NA,13,NA,NA,NA,NA,NA,NA,NA,NA,NA,NA,NA,NA,NA,NA,NA,NA,NA,NA,NA,NA,NA,NA,NA,NA,NA,NA,NA,NA,NA,NA,NA,SPT,1.65,1.85,NA,NA,21.373,0.532,40.196,NA,10,NA,NA,FALSE
AND_10YR_DenseFrac,AND_DIRT_10YR_CN_densefrac.csv,Derek Pierson,Oregon State University,piersond@oregonstate.edu,3/7/2018,Derek Pierson,piersond@oregonstate.edu,0000-0003-3413-1693,Kate Lajtha,lajthak@science.oregonstate.edu,Not yet published,NA,DIRT,AND,H.J. Andrews,44.231,-122.22,NA,531,2370,8.8,1973-2002,1997,NA,NA,NA,NA,NA,NA,NA,NA,NA,forest,temperate coniferous forest,loam,"Old-growth Douglas-fir (Pseudotsuga menziesii (Mirbel) Franco), western hemlock (Tsuga heterophylla (Raf.) Sarg.)",NA,NA,NA,NA,NA,NA,NA,NA,NA,NA,NA,NA,NA,NA,NA,NA,NA,NA,NA,NA,NA,NA,NA,YES,NO,YES,CTL,6,NO,2,NA,NA,NA,NA,NA,NA,NA,NA,NA,NA,NL,litter_manip,NA,NA,NA,NA,NA,NA,NA,NA,NA,NA,2007,NA,NA,NA,NA,NA,NA,NA,NA,NA,NA,NA,0,10,5,NA,0.82,NA,NA,5.2,NA,NA,NA,13,NA,NA,NA,NA,NA,NA,NA,NA,NA,NA,NA,NA,NA,NA,NA,NA,NA,NA,NA,NA,NA,NA,NA,NA,NA,NA,NA,NA,NA,NA,NA,SPT,1.65,1.85,NA,NA,30.153,0.622,48.48,NA,10,NA,NA,FALSE
AND_10YR_DenseFrac,AND_DIRT_10YR_CN_densefrac.csv,Derek Pierson,Oregon State University,piersond@oregonstate.edu,3/7/2018,Derek Pierson,piersond@oregonstate.edu,0000-0003-3413-1693,Kate Lajtha,lajthak@science.oregonstate.edu,Not yet published,NA,DIRT,AND,H.J. Andrews,44.231,-122.22,NA,531,2370,8.8,1973-2002,1997,NA,NA,NA,NA,NA,NA,NA,NA,NA,forest,temperate coniferous forest,loam,"Old-growth Douglas-fir (Pseudotsuga menziesii (Mirbel) Franco), western hemlock (Tsuga heterophylla (Raf.) Sarg.)",NA,NA,NA,NA,NA,NA,NA,NA,NA,NA,NA,NA,NA,NA,NA,NA,NA,NA,NA,NA,NA,NA,NA,YES,NO,YES,CTL,6,NO,2,NA,NA,NA,NA,NA,NA,NA,NA,NA,NA,NR,litter_manip,NA,NA,NA,NA,NA,NA,NA,NA,NA,NA,2007,NA,NA,NA,NA,NA,NA,NA,NA,NA,NA,NA,0,10,5,NA,0.82,NA,NA,5.2,NA,NA,NA,13,NA,NA,NA,NA,NA,NA,NA,NA,NA,NA,NA,NA,NA,NA,NA,NA,NA,NA,NA,NA,NA,NA,NA,NA,NA,NA,NA,NA,NA,NA,NA,SPT,1.65,1.85,NA,NA,30.467,0.682,44.682,NA,10,NA,NA,FALSE
AND_10YR_DenseFrac,AND_DIRT_10YR_CN_densefrac.csv,Derek Pierson,Oregon State University,piersond@oregonstate.edu,3/7/2018,Derek Pierson,piersond@oregonstate.edu,0000-0003-3413-1693,Kate Lajtha,lajthak@science.oregonstate.edu,Not yet published,NA,DIRT,AND,H.J. Andrews,44.231,-122.22,NA,531,2370,8.8,1973-2002,1997,NA,NA,NA,NA,NA,NA,NA,NA,NA,forest,temperate coniferous forest,loam,"Old-growth Douglas-fir (Pseudotsuga menziesii (Mirbel) Franco), western hemlock (Tsuga heterophylla (Raf.) Sarg.)",NA,NA,NA,NA,NA,NA,NA,NA,NA,NA,NA,NA,NA,NA,NA,NA,NA,NA,NA,NA,NA,NA,NA,YES,NO,YES,CTL,6,NO,2,NA,NA,NA,NA,NA,NA,NA,NA,NA,NA,DL,litter_manip,NA,NA,NA,NA,NA,NA,NA,NA,NA,NA,2007,NA,NA,NA,NA,NA,NA,NA,NA,NA,NA,NA,0,10,5,NA,0.82,NA,NA,5.2,NA,NA,NA,13,NA,NA,NA,NA,NA,NA,NA,NA,NA,NA,NA,NA,NA,NA,NA,NA,NA,NA,NA,NA,NA,NA,NA,NA,NA,NA,NA,NA,NA,NA,NA,SPT,1.85,2,NA,NA,12.05,0.404,29.829,NA,10,NA,NA,FALSE
AND_10YR_DenseFrac,AND_DIRT_10YR_CN_densefrac.csv,Derek Pierson,Oregon State University,piersond@oregonstate.edu,3/7/2018,Derek Pierson,piersond@oregonstate.edu,0000-0003-3413-1693,Kate Lajtha,lajthak@science.oregonstate.edu,Not yet published,NA,DIRT,AND,H.J. Andrews,44.231,-122.22,NA,531,2370,8.8,1973-2002,1997,NA,NA,NA,NA,NA,NA,NA,NA,NA,forest,temperate coniferous forest,loam,"Old-growth Douglas-fir (Pseudotsuga menziesii (Mirbel) Franco), western hemlock (Tsuga heterophylla (Raf.) Sarg.)",NA,NA,NA,NA,NA,NA,NA,NA,NA,NA,NA,NA,NA,NA,NA,NA,NA,NA,NA,NA,NA,NA,NA,YES,NO,YES,CTL,6,NO,2,NA,NA,NA,NA,NA,NA,NA,NA,NA,NA,DW,litter_manip,NA,NA,NA,NA,NA,NA,NA,NA,NA,NA,2007,NA,NA,NA,NA,NA,NA,NA,NA,NA,NA,NA,0,10,5,NA,0.82,NA,NA,5.2,NA,NA,NA,13,NA,NA,NA,NA,NA,NA,NA,NA,NA,NA,NA,NA,NA,NA,NA,NA,NA,NA,NA,NA,NA,NA,NA,NA,NA,NA,NA,NA,NA,NA,NA,SPT,1.85,2,NA,NA,12.826,0.48,26.738,NA,10,NA,NA,FALSE
AND_10YR_DenseFrac,AND_DIRT_10YR_CN_densefrac.csv,Derek Pierson,Oregon State University,piersond@oregonstate.edu,3/7/2018,Derek Pierson,piersond@oregonstate.edu,0000-0003-3413-1693,Kate Lajtha,lajthak@science.oregonstate.edu,Not yet published,NA,DIRT,AND,H.J. Andrews,44.231,-122.22,NA,531,2370,8.8,1973-2002,1997,NA,NA,NA,NA,NA,NA,NA,NA,NA,forest,temperate coniferous forest,loam,"Old-growth Douglas-fir (Pseudotsuga menziesii (Mirbel) Franco), western hemlock (Tsuga heterophylla (Raf.) Sarg.)",NA,NA,NA,NA,NA,NA,NA,NA,NA,NA,NA,NA,NA,NA,NA,NA,NA,NA,NA,NA,NA,NA,NA,YES,NO,YES,CTL,6,NO,2,NA,NA,NA,NA,NA,NA,NA,NA,NA,NA,CTL,litter_manip,NA,NA,NA,NA,NA,NA,NA,NA,NA,NA,2007,NA,NA,NA,NA,NA,NA,NA,NA,NA,NA,NA,0,10,5,NA,0.82,NA,NA,5.2,NA,NA,NA,13,NA,NA,NA,NA,NA,NA,NA,NA,NA,NA,NA,NA,NA,NA,NA,NA,NA,NA,NA,NA,NA,NA,NA,NA,NA,NA,NA,NA,NA,NA,NA,SPT,1.85,2,NA,NA,11.202,0.401,27.933,NA,10,NA,NA,TRUE
AND_10YR_DenseFrac,AND_DIRT_10YR_CN_densefrac.csv,Derek Pierson,Oregon State University,piersond@oregonstate.edu,3/7/2018,Derek Pierson,piersond@oregonstate.edu,0000-0003-3413-1693,Kate Lajtha,lajthak@science.oregonstate.edu,Not yet published,NA,DIRT,AND,H.J. Andrews,44.231,-122.22,NA,531,2370,8.8,1973-2002,1997,NA,NA,NA,NA,NA,NA,NA,NA,NA,forest,temperate coniferous forest,loam,"Old-growth Douglas-fir (Pseudotsuga menziesii (Mirbel) Franco), western hemlock (Tsuga heterophylla (Raf.) Sarg.)",NA,NA,NA,NA,NA,NA,NA,NA,NA,NA,NA,NA,NA,NA,NA,NA,NA,NA,NA,NA,NA,NA,NA,YES,NO,YES,CTL,6,NO,2,NA,NA,NA,NA,NA,NA,NA,NA,NA,NA,NI,litter_manip,NA,NA,NA,NA,NA,NA,NA,NA,NA,NA,2007,NA,NA,NA,NA,NA,NA,NA,NA,NA,NA,NA,0,10,5,NA,0.82,NA,NA,5.2,NA,NA,NA,13,NA,NA,NA,NA,NA,NA,NA,NA,NA,NA,NA,NA,NA,NA,NA,NA,NA,NA,NA,NA,NA,NA,NA,NA,NA,NA,NA,NA,NA,NA,NA,SPT,1.85,2,NA,NA,16.197,0.49,33.081,NA,10,NA,NA,FALSE
AND_10YR_DenseFrac,AND_DIRT_10YR_CN_densefrac.csv,Derek Pierson,Oregon State University,piersond@oregonstate.edu,3/7/2018,Derek Pierson,piersond@oregonstate.edu,0000-0003-3413-1693,Kate Lajtha,lajthak@science.oregonstate.edu,Not yet published,NA,DIRT,AND,H.J. Andrews,44.231,-122.22,NA,531,2370,8.8,1973-2002,1997,NA,NA,NA,NA,NA,NA,NA,NA,NA,forest,temperate coniferous forest,loam,"Old-growth Douglas-fir (Pseudotsuga menziesii (Mirbel) Franco), western hemlock (Tsuga heterophylla (Raf.) Sarg.)",NA,NA,NA,NA,NA,NA,NA,NA,NA,NA,NA,NA,NA,NA,NA,NA,NA,NA,NA,NA,NA,NA,NA,YES,NO,YES,CTL,6,NO,2,NA,NA,NA,NA,NA,NA,NA,NA,NA,NA,NL,litter_manip,NA,NA,NA,NA,NA,NA,NA,NA,NA,NA,2007,NA,NA,NA,NA,NA,NA,NA,NA,NA,NA,NA,0,10,5,NA,0.82,NA,NA,5.2,NA,NA,NA,13,NA,NA,NA,NA,NA,NA,NA,NA,NA,NA,NA,NA,NA,NA,NA,NA,NA,NA,NA,NA,NA,NA,NA,NA,NA,NA,NA,NA,NA,NA,NA,SPT,1.85,2,NA,NA,12.927,0.462,27.964,NA,10,NA,NA,FALSE
AND_10YR_DenseFrac,AND_DIRT_10YR_CN_densefrac.csv,Derek Pierson,Oregon State University,piersond@oregonstate.edu,3/7/2018,Derek Pierson,piersond@oregonstate.edu,0000-0003-3413-1693,Kate Lajtha,lajthak@science.oregonstate.edu,Not yet published,NA,DIRT,AND,H.J. Andrews,44.231,-122.22,NA,531,2370,8.8,1973-2002,1997,NA,NA,NA,NA,NA,NA,NA,NA,NA,forest,temperate coniferous forest,loam,"Old-growth Douglas-fir (Pseudotsuga menziesii (Mirbel) Franco), western hemlock (Tsuga heterophylla (Raf.) Sarg.)",NA,NA,NA,NA,NA,NA,NA,NA,NA,NA,NA,NA,NA,NA,NA,NA,NA,NA,NA,NA,NA,NA,NA,YES,NO,YES,CTL,6,NO,2,NA,NA,NA,NA,NA,NA,NA,NA,NA,NA,NR,litter_manip,NA,NA,NA,NA,NA,NA,NA,NA,NA,NA,2007,NA,NA,NA,NA,NA,NA,NA,NA,NA,NA,NA,0,10,5,NA,0.82,NA,NA,5.2,NA,NA,NA,13,NA,NA,NA,NA,NA,NA,NA,NA,NA,NA,NA,NA,NA,NA,NA,NA,NA,NA,NA,NA,NA,NA,NA,NA,NA,NA,NA,NA,NA,NA,NA,SPT,1.85,2,NA,NA,13.887,0.469,29.603,NA,10,NA,NA,FALSE
AND_10YR_DenseFrac,AND_DIRT_10YR_CN_densefrac.csv,Derek Pierson,Oregon State University,piersond@oregonstate.edu,3/7/2018,Derek Pierson,piersond@oregonstate.edu,0000-0003-3413-1693,Kate Lajtha,lajthak@science.oregonstate.edu,Not yet published,NA,DIRT,AND,H.J. Andrews,44.231,-122.22,NA,531,2370,8.8,1973-2002,1997,NA,NA,NA,NA,NA,NA,NA,NA,NA,forest,temperate coniferous forest,loam,"Old-growth Douglas-fir (Pseudotsuga menziesii (Mirbel) Franco), western hemlock (Tsuga heterophylla (Raf.) Sarg.)",NA,NA,NA,NA,NA,NA,NA,NA,NA,NA,NA,NA,NA,NA,NA,NA,NA,NA,NA,NA,NA,NA,NA,YES,NO,YES,CTL,6,NO,2,NA,NA,NA,NA,NA,NA,NA,NA,NA,NA,DL,litter_manip,NA,NA,NA,NA,NA,NA,NA,NA,NA,NA,2007,NA,NA,NA,NA,NA,NA,NA,NA,NA,NA,NA,0,10,5,NA,0.82,NA,NA,5.2,NA,NA,NA,13,NA,NA,NA,NA,NA,NA,NA,NA,NA,NA,NA,NA,NA,NA,NA,NA,NA,NA,NA,NA,NA,NA,NA,NA,NA,NA,NA,NA,NA,NA,NA,SPT,2,2.4,NA,NA,4.015,0.262,15.307,NA,10,NA,NA,FALSE
AND_10YR_DenseFrac,AND_DIRT_10YR_CN_densefrac.csv,Derek Pierson,Oregon State University,piersond@oregonstate.edu,3/7/2018,Derek Pierson,piersond@oregonstate.edu,0000-0003-3413-1693,Kate Lajtha,lajthak@science.oregonstate.edu,Not yet published,NA,DIRT,AND,H.J. Andrews,44.231,-122.22,NA,531,2370,8.8,1973-2002,1997,NA,NA,NA,NA,NA,NA,NA,NA,NA,forest,temperate coniferous forest,loam,"Old-growth Douglas-fir (Pseudotsuga menziesii (Mirbel) Franco), western hemlock (Tsuga heterophylla (Raf.) Sarg.)",NA,NA,NA,NA,NA,NA,NA,NA,NA,NA,NA,NA,NA,NA,NA,NA,NA,NA,NA,NA,NA,NA,NA,YES,NO,YES,CTL,6,NO,2,NA,NA,NA,NA,NA,NA,NA,NA,NA,NA,DW,litter_manip,NA,NA,NA,NA,NA,NA,NA,NA,NA,NA,2007,NA,NA,NA,NA,NA,NA,NA,NA,NA,NA,NA,0,10,5,NA,0.82,NA,NA,5.2,NA,NA,NA,13,NA,NA,NA,NA,NA,NA,NA,NA,NA,NA,NA,NA,NA,NA,NA,NA,NA,NA,NA,NA,NA,NA,NA,NA,NA,NA,NA,NA,NA,NA,NA,SPT,2,2.4,NA,NA,3.779,0.233,16.244,NA,10,NA,NA,FALSE
AND_10YR_DenseFrac,AND_DIRT_10YR_CN_densefrac.csv,Derek Pierson,Oregon State University,piersond@oregonstate.edu,3/7/2018,Derek Pierson,piersond@oregonstate.edu,0000-0003-3413-1693,Kate Lajtha,lajthak@science.oregonstate.edu,Not yet published,NA,DIRT,AND,H.J. Andrews,44.231,-122.22,NA,531,2370,8.8,1973-2002,1997,NA,NA,NA,NA,NA,NA,NA,NA,NA,forest,temperate coniferous forest,loam,"Old-growth Douglas-fir (Pseudotsuga menziesii (Mirbel) Franco), western hemlock (Tsuga heterophylla (Raf.) Sarg.)",NA,NA,NA,NA,NA,NA,NA,NA,NA,NA,NA,NA,NA,NA,NA,NA,NA,NA,NA,NA,NA,NA,NA,YES,NO,YES,CTL,6,NO,2,NA,NA,NA,NA,NA,NA,NA,NA,NA,NA,CTL,litter_manip,NA,NA,NA,NA,NA,NA,NA,NA,NA,NA,2007,NA,NA,NA,NA,NA,NA,NA,NA,NA,NA,NA,0,10,5,NA,0.82,NA,NA,5.2,NA,NA,NA,13,NA,NA,NA,NA,NA,NA,NA,NA,NA,NA,NA,NA,NA,NA,NA,NA,NA,NA,NA,NA,NA,NA,NA,NA,NA,NA,NA,NA,NA,NA,NA,SPT,2,2.4,NA,NA,3.454,0.231,14.932,NA,10,NA,NA,TRUE
AND_10YR_DenseFrac,AND_DIRT_10YR_CN_densefrac.csv,Derek Pierson,Oregon State University,piersond@oregonstate.edu,3/7/2018,Derek Pierson,piersond@oregonstate.edu,0000-0003-3413-1693,Kate Lajtha,lajthak@science.oregonstate.edu,Not yet published,NA,DIRT,AND,H.J. Andrews,44.231,-122.22,NA,531,2370,8.8,1973-2002,1997,NA,NA,NA,NA,NA,NA,NA,NA,NA,forest,temperate coniferous forest,loam,"Old-growth Douglas-fir (Pseudotsuga menziesii (Mirbel) Franco), western hemlock (Tsuga heterophylla (Raf.) Sarg.)",NA,NA,NA,NA,NA,NA,NA,NA,NA,NA,NA,NA,NA,NA,NA,NA,NA,NA,NA,NA,NA,NA,NA,YES,NO,YES,CTL,6,NO,2,NA,NA,NA,NA,NA,NA,NA,NA,NA,NA,NI,litter_manip,NA,NA,NA,NA,NA,NA,NA,NA,NA,NA,2007,NA,NA,NA,NA,NA,NA,NA,NA,NA,NA,NA,0,10,5,NA,0.82,NA,NA,5.2,NA,NA,NA,13,NA,NA,NA,NA,NA,NA,NA,NA,NA,NA,NA,NA,NA,NA,NA,NA,NA,NA,NA,NA,NA,NA,NA,NA,NA,NA,NA,NA,NA,NA,NA,SPT,2,2.4,NA,NA,3.739,0.249,15.029,NA,10,NA,NA,FALSE
AND_10YR_DenseFrac,AND_DIRT_10YR_CN_densefrac.csv,Derek Pierson,Oregon State University,piersond@oregonstate.edu,3/7/2018,Derek Pierson,piersond@oregonstate.edu,0000-0003-3413-1693,Kate Lajtha,lajthak@science.oregonstate.edu,Not yet published,NA,DIRT,AND,H.J. Andrews,44.231,-122.22,NA,531,2370,8.8,1973-2002,1997,NA,NA,NA,NA,NA,NA,NA,NA,NA,forest,temperate coniferous forest,loam,"Old-growth Douglas-fir (Pseudotsuga menziesii (Mirbel) Franco), western hemlock (Tsuga heterophylla (Raf.) Sarg.)",NA,NA,NA,NA,NA,NA,NA,NA,NA,NA,NA,NA,NA,NA,NA,NA,NA,NA,NA,NA,NA,NA,NA,YES,NO,YES,CTL,6,NO,2,NA,NA,NA,NA,NA,NA,NA,NA,NA,NA,NL,litter_manip,NA,NA,NA,NA,NA,NA,NA,NA,NA,NA,2007,NA,NA,NA,NA,NA,NA,NA,NA,NA,NA,NA,0,10,5,NA,0.82,NA,NA,5.2,NA,NA,NA,13,NA,NA,NA,NA,NA,NA,NA,NA,NA,NA,NA,NA,NA,NA,NA,NA,NA,NA,NA,NA,NA,NA,NA,NA,NA,NA,NA,NA,NA,NA,NA,SPT,2,2.4,NA,NA,3.871,0.261,14.837,NA,10,NA,NA,FALSE
AND_10YR_DenseFrac,AND_DIRT_10YR_CN_densefrac.csv,Derek Pierson,Oregon State University,piersond@oregonstate.edu,3/7/2018,Derek Pierson,piersond@oregonstate.edu,0000-0003-3413-1693,Kate Lajtha,lajthak@science.oregonstate.edu,Not yet published,NA,DIRT,AND,H.J. Andrews,44.231,-122.22,NA,531,2370,8.8,1973-2002,1997,NA,NA,NA,NA,NA,NA,NA,NA,NA,forest,temperate coniferous forest,loam,"Old-growth Douglas-fir (Pseudotsuga menziesii (Mirbel) Franco), western hemlock (Tsuga heterophylla (Raf.) Sarg.)",NA,NA,NA,NA,NA,NA,NA,NA,NA,NA,NA,NA,NA,NA,NA,NA,NA,NA,NA,NA,NA,NA,NA,YES,NO,YES,CTL,6,NO,2,NA,NA,NA,NA,NA,NA,NA,NA,NA,NA,NR,litter_manip,NA,NA,NA,NA,NA,NA,NA,NA,NA,NA,2007,NA,NA,NA,NA,NA,NA,NA,NA,NA,NA,NA,0,10,5,NA,0.82,NA,NA,5.2,NA,NA,NA,13,NA,NA,NA,NA,NA,NA,NA,NA,NA,NA,NA,NA,NA,NA,NA,NA,NA,NA,NA,NA,NA,NA,NA,NA,NA,NA,NA,NA,NA,NA,NA,SPT,2,2.4,NA,NA,4.026,0.259,15.565,NA,10,NA,NA,FALSE
AND_10YR_DenseFrac,AND_DIRT_10YR_CN_densefrac.csv,Derek Pierson,Oregon State University,piersond@oregonstate.edu,3/7/2018,Derek Pierson,piersond@oregonstate.edu,0000-0003-3413-1693,Kate Lajtha,lajthak@science.oregonstate.edu,Not yet published,NA,DIRT,AND,H.J. Andrews,44.231,-122.22,NA,531,2370,8.8,1973-2002,1997,NA,NA,NA,NA,NA,NA,NA,NA,NA,forest,temperate coniferous forest,loam,"Old-growth Douglas-fir (Pseudotsuga menziesii (Mirbel) Franco), western hemlock (Tsuga heterophylla (Raf.) Sarg.)",NA,NA,NA,NA,NA,NA,NA,NA,NA,NA,NA,NA,NA,NA,NA,NA,NA,NA,NA,NA,NA,NA,NA,YES,NO,YES,CTL,6,NO,2,NA,NA,NA,NA,NA,NA,NA,NA,NA,NA,DL,litter_manip,NA,NA,NA,NA,NA,NA,NA,NA,NA,NA,2007,NA,NA,NA,NA,NA,NA,NA,NA,NA,NA,NA,0,10,5,NA,0.82,NA,NA,5.2,NA,NA,NA,13,NA,NA,NA,NA,NA,NA,NA,NA,NA,NA,NA,NA,NA,NA,NA,NA,NA,NA,NA,NA,NA,NA,NA,NA,NA,NA,NA,NA,NA,NA,NA,SPT,2.4,2.65,NA,NA,1.672,0.131,12.727,NA,10,NA,NA,FALSE
AND_10YR_DenseFrac,AND_DIRT_10YR_CN_densefrac.csv,Derek Pierson,Oregon State University,piersond@oregonstate.edu,3/7/2018,Derek Pierson,piersond@oregonstate.edu,0000-0003-3413-1693,Kate Lajtha,lajthak@science.oregonstate.edu,Not yet published,NA,DIRT,AND,H.J. Andrews,44.231,-122.22,NA,531,2370,8.8,1973-2002,1997,NA,NA,NA,NA,NA,NA,NA,NA,NA,forest,temperate coniferous forest,loam,"Old-growth Douglas-fir (Pseudotsuga menziesii (Mirbel) Franco), western hemlock (Tsuga heterophylla (Raf.) Sarg.)",NA,NA,NA,NA,NA,NA,NA,NA,NA,NA,NA,NA,NA,NA,NA,NA,NA,NA,NA,NA,NA,NA,NA,YES,NO,YES,CTL,6,NO,2,NA,NA,NA,NA,NA,NA,NA,NA,NA,NA,DW,litter_manip,NA,NA,NA,NA,NA,NA,NA,NA,NA,NA,2007,NA,NA,NA,NA,NA,NA,NA,NA,NA,NA,NA,0,10,5,NA,0.82,NA,NA,5.2,NA,NA,NA,13,NA,NA,NA,NA,NA,NA,NA,NA,NA,NA,NA,NA,NA,NA,NA,NA,NA,NA,NA,NA,NA,NA,NA,NA,NA,NA,NA,NA,NA,NA,NA,SPT,2.4,2.65,NA,NA,1.408,0.097,14.575,NA,10,NA,NA,FALSE
AND_10YR_DenseFrac,AND_DIRT_10YR_CN_densefrac.csv,Derek Pierson,Oregon State University,piersond@oregonstate.edu,3/7/2018,Derek Pierson,piersond@oregonstate.edu,0000-0003-3413-1693,Kate Lajtha,lajthak@science.oregonstate.edu,Not yet published,NA,DIRT,AND,H.J. Andrews,44.231,-122.22,NA,531,2370,8.8,1973-2002,1997,NA,NA,NA,NA,NA,NA,NA,NA,NA,forest,temperate coniferous forest,loam,"Old-growth Douglas-fir (Pseudotsuga menziesii (Mirbel) Franco), western hemlock (Tsuga heterophylla (Raf.) Sarg.)",NA,NA,NA,NA,NA,NA,NA,NA,NA,NA,NA,NA,NA,NA,NA,NA,NA,NA,NA,NA,NA,NA,NA,YES,NO,YES,CTL,6,NO,2,NA,NA,NA,NA,NA,NA,NA,NA,NA,NA,CTL,litter_manip,NA,NA,NA,NA,NA,NA,NA,NA,NA,NA,2007,NA,NA,NA,NA,NA,NA,NA,NA,NA,NA,NA,0,10,5,NA,0.82,NA,NA,5.2,NA,NA,NA,13,NA,NA,NA,NA,NA,NA,NA,NA,NA,NA,NA,NA,NA,NA,NA,NA,NA,NA,NA,NA,NA,NA,NA,NA,NA,NA,NA,NA,NA,NA,NA,SPT,2.4,2.65,NA,NA,1.406,0.111,12.691,NA,10,NA,NA,TRUE
AND_10YR_DenseFrac,AND_DIRT_10YR_CN_densefrac.csv,Derek Pierson,Oregon State University,piersond@oregonstate.edu,3/7/2018,Derek Pierson,piersond@oregonstate.edu,0000-0003-3413-1693,Kate Lajtha,lajthak@science.oregonstate.edu,Not yet published,NA,DIRT,AND,H.J. Andrews,44.231,-122.22,NA,531,2370,8.8,1973-2002,1997,NA,NA,NA,NA,NA,NA,NA,NA,NA,forest,temperate coniferous forest,loam,"Old-growth Douglas-fir (Pseudotsuga menziesii (Mirbel) Franco), western hemlock (Tsuga heterophylla (Raf.) Sarg.)",NA,NA,NA,NA,NA,NA,NA,NA,NA,NA,NA,NA,NA,NA,NA,NA,NA,NA,NA,NA,NA,NA,NA,YES,NO,YES,CTL,6,NO,2,NA,NA,NA,NA,NA,NA,NA,NA,NA,NA,NI,litter_manip,NA,NA,NA,NA,NA,NA,NA,NA,NA,NA,2007,NA,NA,NA,NA,NA,NA,NA,NA,NA,NA,NA,0,10,5,NA,0.82,NA,NA,5.2,NA,NA,NA,13,NA,NA,NA,NA,NA,NA,NA,NA,NA,NA,NA,NA,NA,NA,NA,NA,NA,NA,NA,NA,NA,NA,NA,NA,NA,NA,NA,NA,NA,NA,NA,SPT,2.4,2.65,NA,NA,1.636,0.131,12.454,NA,10,NA,NA,FALSE
AND_10YR_DenseFrac,AND_DIRT_10YR_CN_densefrac.csv,Derek Pierson,Oregon State University,piersond@oregonstate.edu,3/7/2018,Derek Pierson,piersond@oregonstate.edu,0000-0003-3413-1693,Kate Lajtha,lajthak@science.oregonstate.edu,Not yet published,NA,DIRT,AND,H.J. Andrews,44.231,-122.22,NA,531,2370,8.8,1973-2002,1997,NA,NA,NA,NA,NA,NA,NA,NA,NA,forest,temperate coniferous forest,loam,"Old-growth Douglas-fir (Pseudotsuga menziesii (Mirbel) Franco), western hemlock (Tsuga heterophylla (Raf.) Sarg.)",NA,NA,NA,NA,NA,NA,NA,NA,NA,NA,NA,NA,NA,NA,NA,NA,NA,NA,NA,NA,NA,NA,NA,YES,NO,YES,CTL,6,NO,2,NA,NA,NA,NA,NA,NA,NA,NA,NA,NA,NL,litter_manip,NA,NA,NA,NA,NA,NA,NA,NA,NA,NA,2007,NA,NA,NA,NA,NA,NA,NA,NA,NA,NA,NA,0,10,5,NA,0.82,NA,NA,5.2,NA,NA,NA,13,NA,NA,NA,NA,NA,NA,NA,NA,NA,NA,NA,NA,NA,NA,NA,NA,NA,NA,NA,NA,NA,NA,NA,NA,NA,NA,NA,NA,NA,NA,NA,SPT,2.4,2.65,NA,NA,1.584,0.124,12.762,NA,10,NA,NA,FALSE
AND_10YR_DenseFrac,AND_DIRT_10YR_CN_densefrac.csv,Derek Pierson,Oregon State University,piersond@oregonstate.edu,3/7/2018,Derek Pierson,piersond@oregonstate.edu,0000-0003-3413-1693,Kate Lajtha,lajthak@science.oregonstate.edu,Not yet published,NA,DIRT,AND,H.J. Andrews,44.231,-122.22,NA,531,2370,8.8,1973-2002,1997,NA,NA,NA,NA,NA,NA,NA,NA,NA,forest,temperate coniferous forest,loam,"Old-growth Douglas-fir (Pseudotsuga menziesii (Mirbel) Franco), western hemlock (Tsuga heterophylla (Raf.) Sarg.)",NA,NA,NA,NA,NA,NA,NA,NA,NA,NA,NA,NA,NA,NA,NA,NA,NA,NA,NA,NA,NA,NA,NA,YES,NO,YES,CTL,6,NO,2,NA,NA,NA,NA,NA,NA,NA,NA,NA,NA,NR,litter_manip,NA,NA,NA,NA,NA,NA,NA,NA,NA,NA,2007,NA,NA,NA,NA,NA,NA,NA,NA,NA,NA,NA,0,10,5,NA,0.82,NA,NA,5.2,NA,NA,NA,13,NA,NA,NA,NA,NA,NA,NA,NA,NA,NA,NA,NA,NA,NA,NA,NA,NA,NA,NA,NA,NA,NA,NA,NA,NA,NA,NA,NA,NA,NA,NA,SPT,2.4,2.65,NA,NA,1.76,0.134,13.136,NA,10,NA,NA,FALSE
AND_10YR_DenseFrac,AND_DIRT_10YR_CN_densefrac.csv,Derek Pierson,Oregon State University,piersond@oregonstate.edu,3/7/2018,Derek Pierson,piersond@oregonstate.edu,0000-0003-3413-1693,Kate Lajtha,lajthak@science.oregonstate.edu,Not yet published,NA,DIRT,AND,H.J. Andrews,44.231,-122.22,NA,531,2370,8.8,1973-2002,1997,NA,NA,NA,NA,NA,NA,NA,NA,NA,forest,temperate coniferous forest,loam,"Old-growth Douglas-fir (Pseudotsuga menziesii (Mirbel) Franco), western hemlock (Tsuga heterophylla (Raf.) Sarg.)",NA,NA,NA,NA,NA,NA,NA,NA,NA,NA,NA,NA,NA,NA,NA,NA,NA,NA,NA,NA,NA,NA,NA,YES,NO,YES,CTL,6,NO,2,NA,NA,NA,NA,NA,NA,NA,NA,NA,NA,DL,litter_manip,NA,NA,NA,NA,NA,NA,NA,NA,NA,NA,2007,NA,NA,NA,NA,NA,NA,NA,NA,NA,NA,NA,0,10,5,NA,0.82,NA,NA,5.2,NA,NA,NA,13,NA,NA,NA,NA,NA,NA,NA,NA,NA,NA,NA,NA,NA,NA,NA,NA,NA,NA,NA,NA,NA,NA,NA,NA,NA,NA,NA,NA,NA,NA,NA,SPT,2.65,>2.65,NA,NA,0.406,0.033,12.408,NA,10,NA,NA,FALSE
AND_10YR_DenseFrac,AND_DIRT_10YR_CN_densefrac.csv,Derek Pierson,Oregon State University,piersond@oregonstate.edu,3/7/2018,Derek Pierson,piersond@oregonstate.edu,0000-0003-3413-1693,Kate Lajtha,lajthak@science.oregonstate.edu,Not yet published,NA,DIRT,AND,H.J. Andrews,44.231,-122.22,NA,531,2370,8.8,1973-2002,1997,NA,NA,NA,NA,NA,NA,NA,NA,NA,forest,temperate coniferous forest,loam,"Old-growth Douglas-fir (Pseudotsuga menziesii (Mirbel) Franco), western hemlock (Tsuga heterophylla (Raf.) Sarg.)",NA,NA,NA,NA,NA,NA,NA,NA,NA,NA,NA,NA,NA,NA,NA,NA,NA,NA,NA,NA,NA,NA,NA,YES,NO,YES,CTL,6,NO,2,NA,NA,NA,NA,NA,NA,NA,NA,NA,NA,DW,litter_manip,NA,NA,NA,NA,NA,NA,NA,NA,NA,NA,2007,NA,NA,NA,NA,NA,NA,NA,NA,NA,NA,NA,0,10,5,NA,0.82,NA,NA,5.2,NA,NA,NA,13,NA,NA,NA,NA,NA,NA,NA,NA,NA,NA,NA,NA,NA,NA,NA,NA,NA,NA,NA,NA,NA,NA,NA,NA,NA,NA,NA,NA,NA,NA,NA,SPT,2.65,>2.65,NA,NA,0.293,0.018,16.309,NA,10,NA,NA,FALSE
AND_10YR_DenseFrac,AND_DIRT_10YR_CN_densefrac.csv,Derek Pierson,Oregon State University,piersond@oregonstate.edu,3/7/2018,Derek Pierson,piersond@oregonstate.edu,0000-0003-3413-1693,Kate Lajtha,lajthak@science.oregonstate.edu,Not yet published,NA,DIRT,AND,H.J. Andrews,44.231,-122.22,NA,531,2370,8.8,1973-2002,1997,NA,NA,NA,NA,NA,NA,NA,NA,NA,forest,temperate coniferous forest,loam,"Old-growth Douglas-fir (Pseudotsuga menziesii (Mirbel) Franco), western hemlock (Tsuga heterophylla (Raf.) Sarg.)",NA,NA,NA,NA,NA,NA,NA,NA,NA,NA,NA,NA,NA,NA,NA,NA,NA,NA,NA,NA,NA,NA,NA,YES,NO,YES,CTL,6,NO,2,NA,NA,NA,NA,NA,NA,NA,NA,NA,NA,CTL,litter_manip,NA,NA,NA,NA,NA,NA,NA,NA,NA,NA,2007,NA,NA,NA,NA,NA,NA,NA,NA,NA,NA,NA,0,10,5,NA,0.82,NA,NA,5.2,NA,NA,NA,13,NA,NA,NA,NA,NA,NA,NA,NA,NA,NA,NA,NA,NA,NA,NA,NA,NA,NA,NA,NA,NA,NA,NA,NA,NA,NA,NA,NA,NA,NA,NA,SPT,2.65,>2.65,NA,NA,0.398,0.029,13.525,NA,10,NA,NA,TRUE
AND_10YR_DenseFrac,AND_DIRT_10YR_CN_densefrac.csv,Derek Pierson,Oregon State University,piersond@oregonstate.edu,3/7/2018,Derek Pierson,piersond@oregonstate.edu,0000-0003-3413-1693,Kate Lajtha,lajthak@science.oregonstate.edu,Not yet published,NA,DIRT,AND,H.J. Andrews,44.231,-122.22,NA,531,2370,8.8,1973-2002,1997,NA,NA,NA,NA,NA,NA,NA,NA,NA,forest,temperate coniferous forest,loam,"Old-growth Douglas-fir (Pseudotsuga menziesii (Mirbel) Franco), western hemlock (Tsuga heterophylla (Raf.) Sarg.)",NA,NA,NA,NA,NA,NA,NA,NA,NA,NA,NA,NA,NA,NA,NA,NA,NA,NA,NA,NA,NA,NA,NA,YES,NO,YES,CTL,6,NO,2,NA,NA,NA,NA,NA,NA,NA,NA,NA,NA,NI,litter_manip,NA,NA,NA,NA,NA,NA,NA,NA,NA,NA,2007,NA,NA,NA,NA,NA,NA,NA,NA,NA,NA,NA,0,10,5,NA,0.82,NA,NA,5.2,NA,NA,NA,13,NA,NA,NA,NA,NA,NA,NA,NA,NA,NA,NA,NA,NA,NA,NA,NA,NA,NA,NA,NA,NA,NA,NA,NA,NA,NA,NA,NA,NA,NA,NA,SPT,2.65,>2.65,NA,NA,0.358,0.021,17.201,NA,10,NA,NA,FALSE
AND_10YR_DenseFrac,AND_DIRT_10YR_CN_densefrac.csv,Derek Pierson,Oregon State University,piersond@oregonstate.edu,3/7/2018,Derek Pierson,piersond@oregonstate.edu,0000-0003-3413-1693,Kate Lajtha,lajthak@science.oregonstate.edu,Not yet published,NA,DIRT,AND,H.J. Andrews,44.231,-122.22,NA,531,2370,8.8,1973-2002,1997,NA,NA,NA,NA,NA,NA,NA,NA,NA,forest,temperate coniferous forest,loam,"Old-growth Douglas-fir (Pseudotsuga menziesii (Mirbel) Franco), western hemlock (Tsuga heterophylla (Raf.) Sarg.)",NA,NA,NA,NA,NA,NA,NA,NA,NA,NA,NA,NA,NA,NA,NA,NA,NA,NA,NA,NA,NA,NA,NA,YES,NO,YES,CTL,6,NO,2,NA,NA,NA,NA,NA,NA,NA,NA,NA,NA,NL,litter_manip,NA,NA,NA,NA,NA,NA,NA,NA,NA,NA,2007,NA,NA,NA,NA,NA,NA,NA,NA,NA,NA,NA,0,10,5,NA,0.82,NA,NA,5.2,NA,NA,NA,13,NA,NA,NA,NA,NA,NA,NA,NA,NA,NA,NA,NA,NA,NA,NA,NA,NA,NA,NA,NA,NA,NA,NA,NA,NA,NA,NA,NA,NA,NA,NA,SPT,2.65,>2.65,NA,NA,0.347,0.027,12.841,NA,10,NA,NA,FALSE
AND_10YR_DenseFrac,AND_DIRT_10YR_CN_densefrac.csv,Derek Pierson,Oregon State University,piersond@oregonstate.edu,3/7/2018,Derek Pierson,piersond@oregonstate.edu,0000-0003-3413-1693,Kate Lajtha,lajthak@science.oregonstate.edu,Not yet published,NA,DIRT,AND,H.J. Andrews,44.231,-122.22,NA,531,2370,8.8,1973-2002,1997,NA,NA,NA,NA,NA,NA,NA,NA,NA,forest,temperate coniferous forest,loam,"Old-growth Douglas-fir (Pseudotsuga menziesii (Mirbel) Franco), western hemlock (Tsuga heterophylla (Raf.) Sarg.)",NA,NA,NA,NA,NA,NA,NA,NA,NA,NA,NA,NA,NA,NA,NA,NA,NA,NA,NA,NA,NA,NA,NA,YES,NO,YES,CTL,6,NO,2,NA,NA,NA,NA,NA,NA,NA,NA,NA,NA,NR,litter_manip,NA,NA,NA,NA,NA,NA,NA,NA,NA,NA,2007,NA,NA,NA,NA,NA,NA,NA,NA,NA,NA,NA,0,10,5,NA,0.82,NA,NA,5.2,NA,NA,NA,13,NA,NA,NA,NA,NA,NA,NA,NA,NA,NA,NA,NA,NA,NA,NA,NA,NA,NA,NA,NA,NA,NA,NA,NA,NA,NA,NA,NA,NA,NA,NA,SPT,2.65,>2.65,NA,NA,0.397,0.031,12.963,NA,10,NA,NA,FALSE
AND_15YR_CN,AND_DIRT_15YR_CN_raw.csv,Derek Pierson,Oregon State University,piersond@oregonstate.edu,3/7/2018,Derek Pierson,piersond@oregonstate.edu,0000-0003-3413-1693,Kate Lajtha,lajthak@science.oregonstate.edu,Not yet published,NA,DIRT,AND,H.J. Andrews,44.231,-122.22,NA,531,2370,8.8,1973-2002,1997,NA,NA,NA,NA,NA,NA,NA,NA,NA,forest,temperate coniferous forest,loam,"Old-growth Douglas-fir (Pseudotsuga menziesii (Mirbel) Franco), western hemlock (Tsuga heterophylla (Raf.) Sarg.)",NA,NA,NA,NA,NA,NA,NA,NA,NA,NA,NA,NA,NA,NA,NA,NA,NA,NA,NA,NA,NA,NA,NA,YES,NO,YES,CO,7,NO,2,1,Plot,NA,NA,NA,NA,NA,NA,NA,NA,NR,litter_manip,NA,NA,NA,NA,NA,NA,NA,NA,NA,NA,2012,NA,NA,7.567,NA,NA,NA,0.28,NA,27.011,NA,NA,0,10,5,NA,0.82,NA,NA,5.2,NA,NA,NA,13,NA,NA,NA,NA,NA,NA,NA,NA,NA,NA,NA,NA,NA,NA,NA,NA,NA,NA,NA,NA,NA,NA,NA,NA,NA,NA,NA,NA,NA,NA,NA,NA,NA,NA,NA,NA,NA,NA,NA,NA,10,6204.94,229.6,FALSE
AND_15YR_CN,AND_DIRT_15YR_CN_raw.csv,Derek Pierson,Oregon State University,piersond@oregonstate.edu,3/7/2018,Derek Pierson,piersond@oregonstate.edu,0000-0003-3413-1693,Kate Lajtha,lajthak@science.oregonstate.edu,Not yet published,NA,DIRT,AND,H.J. Andrews,44.231,-122.22,NA,531,2370,8.8,1973-2002,1997,NA,NA,NA,NA,NA,NA,NA,NA,NA,forest,temperate coniferous forest,loam,"Old-growth Douglas-fir (Pseudotsuga menziesii (Mirbel) Franco), western hemlock (Tsuga heterophylla (Raf.) Sarg.)",NA,NA,NA,NA,NA,NA,NA,NA,NA,NA,NA,NA,NA,NA,NA,NA,NA,NA,NA,NA,NA,NA,NA,YES,NO,YES,CO,7,NO,2,2,Plot,NA,NA,NA,NA,NA,NA,NA,NA,DN,litter_manip,NA,NA,NA,NA,NA,NA,NA,NA,NA,NA,2012,NA,NA,4.701,NA,NA,NA,0.182,NA,25.858,NA,NA,0,10,5,NA,0.82,NA,NA,5.2,NA,NA,NA,13,NA,NA,NA,NA,NA,NA,NA,NA,NA,NA,NA,NA,NA,NA,NA,NA,NA,NA,NA,NA,NA,NA,NA,NA,NA,NA,NA,NA,NA,NA,NA,NA,NA,NA,NA,NA,NA,NA,NA,NA,10,3854.82,149.24,FALSE
AND_15YR_CN,AND_DIRT_15YR_CN_raw.csv,Derek Pierson,Oregon State University,piersond@oregonstate.edu,3/7/2018,Derek Pierson,piersond@oregonstate.edu,0000-0003-3413-1693,Kate Lajtha,lajthak@science.oregonstate.edu,Not yet published,NA,DIRT,AND,H.J. Andrews,44.231,-122.22,NA,531,2370,8.8,1973-2002,1997,NA,NA,NA,NA,NA,NA,NA,NA,NA,forest,temperate coniferous forest,loam,"Old-growth Douglas-fir (Pseudotsuga menziesii (Mirbel) Franco), western hemlock (Tsuga heterophylla (Raf.) Sarg.)",NA,NA,NA,NA,NA,NA,NA,NA,NA,NA,NA,NA,NA,NA,NA,NA,NA,NA,NA,NA,NA,NA,NA,YES,NO,YES,CO,7,NO,2,3,Plot,NA,NA,NA,NA,NA,NA,NA,NA,NL,litter_manip,NA,NA,NA,NA,NA,NA,NA,NA,NA,NA,2012,NA,NA,6.358,NA,NA,NA,0.226,NA,28.137,NA,NA,0,10,5,NA,0.82,NA,NA,5.2,NA,NA,NA,13,NA,NA,NA,NA,NA,NA,NA,NA,NA,NA,NA,NA,NA,NA,NA,NA,NA,NA,NA,NA,NA,NA,NA,NA,NA,NA,NA,NA,NA,NA,NA,NA,NA,NA,NA,NA,NA,NA,NA,NA,10,5213.56,185.32,FALSE
AND_15YR_CN,AND_DIRT_15YR_CN_raw.csv,Derek Pierson,Oregon State University,piersond@oregonstate.edu,3/7/2018,Derek Pierson,piersond@oregonstate.edu,0000-0003-3413-1693,Kate Lajtha,lajthak@science.oregonstate.edu,Not yet published,NA,DIRT,AND,H.J. Andrews,44.231,-122.22,NA,531,2370,8.8,1973-2002,1997,NA,NA,NA,NA,NA,NA,NA,NA,NA,forest,temperate coniferous forest,loam,"Old-growth Douglas-fir (Pseudotsuga menziesii (Mirbel) Franco), western hemlock (Tsuga heterophylla (Raf.) Sarg.)",NA,NA,NA,NA,NA,NA,NA,NA,NA,NA,NA,NA,NA,NA,NA,NA,NA,NA,NA,NA,NA,NA,NA,YES,NO,YES,CO,7,NO,2,4,Plot,NA,NA,NA,NA,NA,NA,NA,NA,NR,litter_manip,NA,NA,NA,NA,NA,NA,NA,NA,NA,NA,2012,NA,NA,3.592,NA,NA,NA,0.132,NA,27.249,NA,NA,0,10,5,NA,0.82,NA,NA,5.2,NA,NA,NA,13,NA,NA,NA,NA,NA,NA,NA,NA,NA,NA,NA,NA,NA,NA,NA,NA,NA,NA,NA,NA,NA,NA,NA,NA,NA,NA,NA,NA,NA,NA,NA,NA,NA,NA,NA,NA,NA,NA,NA,NA,10,2945.44,108.24,FALSE
AND_15YR_CN,AND_DIRT_15YR_CN_raw.csv,Derek Pierson,Oregon State University,piersond@oregonstate.edu,3/7/2018,Derek Pierson,piersond@oregonstate.edu,0000-0003-3413-1693,Kate Lajtha,lajthak@science.oregonstate.edu,Not yet published,NA,DIRT,AND,H.J. Andrews,44.231,-122.22,NA,531,2370,8.8,1973-2002,1997,NA,NA,NA,NA,NA,NA,NA,NA,NA,forest,temperate coniferous forest,loam,"Old-growth Douglas-fir (Pseudotsuga menziesii (Mirbel) Franco), western hemlock (Tsuga heterophylla (Raf.) Sarg.)",NA,NA,NA,NA,NA,NA,NA,NA,NA,NA,NA,NA,NA,NA,NA,NA,NA,NA,NA,NA,NA,NA,NA,YES,NO,YES,CO,7,NO,2,5,Plot,NA,NA,NA,NA,NA,NA,NA,NA,DW,litter_manip,NA,NA,NA,NA,NA,NA,NA,NA,NA,NA,2012,NA,NA,4.301,NA,NA,NA,0.179,NA,23.982,NA,NA,0,10,5,NA,0.82,NA,NA,5.2,NA,NA,NA,13,NA,NA,NA,NA,NA,NA,NA,NA,NA,NA,NA,NA,NA,NA,NA,NA,NA,NA,NA,NA,NA,NA,NA,NA,NA,NA,NA,NA,NA,NA,NA,NA,NA,NA,NA,NA,NA,NA,NA,NA,10,3526.82,146.78,FALSE
AND_15YR_CN,AND_DIRT_15YR_CN_raw.csv,Derek Pierson,Oregon State University,piersond@oregonstate.edu,3/7/2018,Derek Pierson,piersond@oregonstate.edu,0000-0003-3413-1693,Kate Lajtha,lajthak@science.oregonstate.edu,Not yet published,NA,DIRT,AND,H.J. Andrews,44.231,-122.22,NA,531,2370,8.8,1973-2002,1997,NA,NA,NA,NA,NA,NA,NA,NA,NA,forest,temperate coniferous forest,loam,"Old-growth Douglas-fir (Pseudotsuga menziesii (Mirbel) Franco), western hemlock (Tsuga heterophylla (Raf.) Sarg.)",NA,NA,NA,NA,NA,NA,NA,NA,NA,NA,NA,NA,NA,NA,NA,NA,NA,NA,NA,NA,NA,NA,NA,YES,NO,YES,CO,7,NO,2,6,Plot,NA,NA,NA,NA,NA,NA,NA,NA,NR,litter_manip,NA,NA,NA,NA,NA,NA,NA,NA,NA,NA,2012,NA,NA,5.936,NA,NA,NA,0.251,NA,23.65,NA,NA,0,10,5,NA,0.82,NA,NA,5.2,NA,NA,NA,13,NA,NA,NA,NA,NA,NA,NA,NA,NA,NA,NA,NA,NA,NA,NA,NA,NA,NA,NA,NA,NA,NA,NA,NA,NA,NA,NA,NA,NA,NA,NA,NA,NA,NA,NA,NA,NA,NA,NA,NA,10,4867.52,205.82,FALSE
AND_15YR_CN,AND_DIRT_15YR_CN_raw.csv,Derek Pierson,Oregon State University,piersond@oregonstate.edu,3/7/2018,Derek Pierson,piersond@oregonstate.edu,0000-0003-3413-1693,Kate Lajtha,lajthak@science.oregonstate.edu,Not yet published,NA,DIRT,AND,H.J. Andrews,44.231,-122.22,NA,531,2370,8.8,1973-2002,1997,NA,NA,NA,NA,NA,NA,NA,NA,NA,forest,temperate coniferous forest,loam,"Old-growth Douglas-fir (Pseudotsuga menziesii (Mirbel) Franco), western hemlock (Tsuga heterophylla (Raf.) Sarg.)",NA,NA,NA,NA,NA,NA,NA,NA,NA,NA,NA,NA,NA,NA,NA,NA,NA,NA,NA,NA,NA,NA,NA,YES,NO,YES,CO,7,NO,2,7,Plot,NA,NA,NA,NA,NA,NA,NA,NA,NL,litter_manip,NA,NA,NA,NA,NA,NA,NA,NA,NA,NA,2012,NA,NA,5.328,NA,NA,NA,0.265,NA,20.12,NA,NA,0,10,5,NA,0.82,NA,NA,5.2,NA,NA,NA,13,NA,NA,NA,NA,NA,NA,NA,NA,NA,NA,NA,NA,NA,NA,NA,NA,NA,NA,NA,NA,NA,NA,NA,NA,NA,NA,NA,NA,NA,NA,NA,NA,NA,NA,NA,NA,NA,NA,NA,NA,10,4368.96,217.3,FALSE
AND_15YR_CN,AND_DIRT_15YR_CN_raw.csv,Derek Pierson,Oregon State University,piersond@oregonstate.edu,3/7/2018,Derek Pierson,piersond@oregonstate.edu,0000-0003-3413-1693,Kate Lajtha,lajthak@science.oregonstate.edu,Not yet published,NA,DIRT,AND,H.J. Andrews,44.231,-122.22,NA,531,2370,8.8,1973-2002,1997,NA,NA,NA,NA,NA,NA,NA,NA,NA,forest,temperate coniferous forest,loam,"Old-growth Douglas-fir (Pseudotsuga menziesii (Mirbel) Franco), western hemlock (Tsuga heterophylla (Raf.) Sarg.)",NA,NA,NA,NA,NA,NA,NA,NA,NA,NA,NA,NA,NA,NA,NA,NA,NA,NA,NA,NA,NA,NA,NA,YES,NO,YES,CO,7,NO,2,7,Plot,NA,NA,NA,NA,NA,NA,NA,NA,NL,litter_manip,NA,NA,NA,NA,NA,NA,NA,NA,NA,NA,2012,NA,NA,3.648,NA,NA,NA,0.18,NA,20.292,NA,NA,0,10,5,NA,0.82,NA,NA,5.2,NA,NA,NA,13,NA,NA,NA,NA,NA,NA,NA,NA,NA,NA,NA,NA,NA,NA,NA,NA,NA,NA,NA,NA,NA,NA,NA,NA,NA,NA,NA,NA,NA,NA,NA,NA,NA,NA,NA,NA,NA,NA,NA,NA,10,2991.36,147.6,FALSE
AND_15YR_CN,AND_DIRT_15YR_CN_raw.csv,Derek Pierson,Oregon State University,piersond@oregonstate.edu,3/7/2018,Derek Pierson,piersond@oregonstate.edu,0000-0003-3413-1693,Kate Lajtha,lajthak@science.oregonstate.edu,Not yet published,NA,DIRT,AND,H.J. Andrews,44.231,-122.22,NA,531,2370,8.8,1973-2002,1997,NA,NA,NA,NA,NA,NA,NA,NA,NA,forest,temperate coniferous forest,loam,"Old-growth Douglas-fir (Pseudotsuga menziesii (Mirbel) Franco), western hemlock (Tsuga heterophylla (Raf.) Sarg.)",NA,NA,NA,NA,NA,NA,NA,NA,NA,NA,NA,NA,NA,NA,NA,NA,NA,NA,NA,NA,NA,NA,NA,YES,NO,YES,CO,7,NO,2,8,Plot,NA,NA,NA,NA,NA,NA,NA,NA,CO,litter_manip,NA,NA,NA,NA,NA,NA,NA,NA,NA,NA,2012,NA,NA,6.212,NA,NA,NA,0.214,NA,29.063,NA,NA,0,10,5,NA,0.82,NA,NA,5.2,NA,NA,NA,13,NA,NA,NA,NA,NA,NA,NA,NA,NA,NA,NA,NA,NA,NA,NA,NA,NA,NA,NA,NA,NA,NA,NA,NA,NA,NA,NA,NA,NA,NA,NA,NA,NA,NA,NA,NA,NA,NA,NA,NA,10,5093.84,175.48,TRUE
AND_15YR_CN,AND_DIRT_15YR_CN_raw.csv,Derek Pierson,Oregon State University,piersond@oregonstate.edu,3/7/2018,Derek Pierson,piersond@oregonstate.edu,0000-0003-3413-1693,Kate Lajtha,lajthak@science.oregonstate.edu,Not yet published,NA,DIRT,AND,H.J. Andrews,44.231,-122.22,NA,531,2370,8.8,1973-2002,1997,NA,NA,NA,NA,NA,NA,NA,NA,NA,forest,temperate coniferous forest,loam,"Old-growth Douglas-fir (Pseudotsuga menziesii (Mirbel) Franco), western hemlock (Tsuga heterophylla (Raf.) Sarg.)",NA,NA,NA,NA,NA,NA,NA,NA,NA,NA,NA,NA,NA,NA,NA,NA,NA,NA,NA,NA,NA,NA,NA,YES,NO,YES,CO,7,NO,2,9,Plot,NA,NA,NA,NA,NA,NA,NA,NA,OA,litter_manip,NA,NA,NA,NA,NA,NA,NA,NA,NA,NA,2012,NA,NA,1.856,NA,NA,NA,0.058,NA,31.759,NA,NA,0,10,5,NA,0.82,NA,NA,5.2,NA,NA,NA,13,NA,NA,NA,NA,NA,NA,NA,NA,NA,NA,NA,NA,NA,NA,NA,NA,NA,NA,NA,NA,NA,NA,NA,NA,NA,NA,NA,NA,NA,NA,NA,NA,NA,NA,NA,NA,NA,NA,NA,NA,10,1521.92,47.56,FALSE
AND_15YR_CN,AND_DIRT_15YR_CN_raw.csv,Derek Pierson,Oregon State University,piersond@oregonstate.edu,3/7/2018,Derek Pierson,piersond@oregonstate.edu,0000-0003-3413-1693,Kate Lajtha,lajthak@science.oregonstate.edu,Not yet published,NA,DIRT,AND,H.J. Andrews,44.231,-122.22,NA,531,2370,8.8,1973-2002,1997,NA,NA,NA,NA,NA,NA,NA,NA,NA,forest,temperate coniferous forest,loam,"Old-growth Douglas-fir (Pseudotsuga menziesii (Mirbel) Franco), western hemlock (Tsuga heterophylla (Raf.) Sarg.)",NA,NA,NA,NA,NA,NA,NA,NA,NA,NA,NA,NA,NA,NA,NA,NA,NA,NA,NA,NA,NA,NA,NA,YES,NO,YES,CO,7,NO,2,10,Plot,NA,NA,NA,NA,NA,NA,NA,NA,DW,litter_manip,NA,NA,NA,NA,NA,NA,NA,NA,NA,NA,2012,NA,NA,5.625,NA,NA,NA,0.185,NA,30.479,NA,NA,0,10,5,NA,0.82,NA,NA,5.2,NA,NA,NA,13,NA,NA,NA,NA,NA,NA,NA,NA,NA,NA,NA,NA,NA,NA,NA,NA,NA,NA,NA,NA,NA,NA,NA,NA,NA,NA,NA,NA,NA,NA,NA,NA,NA,NA,NA,NA,NA,NA,NA,NA,10,4612.5,151.7,FALSE
AND_15YR_CN,AND_DIRT_15YR_CN_raw.csv,Derek Pierson,Oregon State University,piersond@oregonstate.edu,3/7/2018,Derek Pierson,piersond@oregonstate.edu,0000-0003-3413-1693,Kate Lajtha,lajthak@science.oregonstate.edu,Not yet published,NA,DIRT,AND,H.J. Andrews,44.231,-122.22,NA,531,2370,8.8,1973-2002,1997,NA,NA,NA,NA,NA,NA,NA,NA,NA,forest,temperate coniferous forest,loam,"Old-growth Douglas-fir (Pseudotsuga menziesii (Mirbel) Franco), western hemlock (Tsuga heterophylla (Raf.) Sarg.)",NA,NA,NA,NA,NA,NA,NA,NA,NA,NA,NA,NA,NA,NA,NA,NA,NA,NA,NA,NA,NA,NA,NA,YES,NO,YES,CO,7,NO,2,11,Plot,NA,NA,NA,NA,NA,NA,NA,NA,NL,litter_manip,NA,NA,NA,NA,NA,NA,NA,NA,NA,NA,2012,NA,NA,3.878,NA,NA,NA,0.14,NA,27.633,NA,NA,0,10,5,NA,0.82,NA,NA,5.2,NA,NA,NA,13,NA,NA,NA,NA,NA,NA,NA,NA,NA,NA,NA,NA,NA,NA,NA,NA,NA,NA,NA,NA,NA,NA,NA,NA,NA,NA,NA,NA,NA,NA,NA,NA,NA,NA,NA,NA,NA,NA,NA,NA,10,3179.96,114.8,FALSE
AND_15YR_CN,AND_DIRT_15YR_CN_raw.csv,Derek Pierson,Oregon State University,piersond@oregonstate.edu,3/7/2018,Derek Pierson,piersond@oregonstate.edu,0000-0003-3413-1693,Kate Lajtha,lajthak@science.oregonstate.edu,Not yet published,NA,DIRT,AND,H.J. Andrews,44.231,-122.22,NA,531,2370,8.8,1973-2002,1997,NA,NA,NA,NA,NA,NA,NA,NA,NA,forest,temperate coniferous forest,loam,"Old-growth Douglas-fir (Pseudotsuga menziesii (Mirbel) Franco), western hemlock (Tsuga heterophylla (Raf.) Sarg.)",NA,NA,NA,NA,NA,NA,NA,NA,NA,NA,NA,NA,NA,NA,NA,NA,NA,NA,NA,NA,NA,NA,NA,YES,NO,YES,CO,7,NO,2,12,Plot,NA,NA,NA,NA,NA,NA,NA,NA,CO,litter_manip,NA,NA,NA,NA,NA,NA,NA,NA,NA,NA,2012,NA,NA,11.025,NA,NA,NA,0.351,NA,31.437,NA,NA,0,10,5,NA,0.82,NA,NA,5.2,NA,NA,NA,13,NA,NA,NA,NA,NA,NA,NA,NA,NA,NA,NA,NA,NA,NA,NA,NA,NA,NA,NA,NA,NA,NA,NA,NA,NA,NA,NA,NA,NA,NA,NA,NA,NA,NA,NA,NA,NA,NA,NA,NA,10,9040.5,287.82,TRUE
AND_15YR_CN,AND_DIRT_15YR_CN_raw.csv,Derek Pierson,Oregon State University,piersond@oregonstate.edu,3/7/2018,Derek Pierson,piersond@oregonstate.edu,0000-0003-3413-1693,Kate Lajtha,lajthak@science.oregonstate.edu,Not yet published,NA,DIRT,AND,H.J. Andrews,44.231,-122.22,NA,531,2370,8.8,1973-2002,1997,NA,NA,NA,NA,NA,NA,NA,NA,NA,forest,temperate coniferous forest,loam,"Old-growth Douglas-fir (Pseudotsuga menziesii (Mirbel) Franco), western hemlock (Tsuga heterophylla (Raf.) Sarg.)",NA,NA,NA,NA,NA,NA,NA,NA,NA,NA,NA,NA,NA,NA,NA,NA,NA,NA,NA,NA,NA,NA,NA,YES,NO,YES,CO,7,NO,2,13,Plot,NA,NA,NA,NA,NA,NA,NA,NA,DN,litter_manip,NA,NA,NA,NA,NA,NA,NA,NA,NA,NA,2012,NA,NA,5.435,NA,NA,NA,0.218,NA,24.884,NA,NA,0,10,5,NA,0.82,NA,NA,5.2,NA,NA,NA,13,NA,NA,NA,NA,NA,NA,NA,NA,NA,NA,NA,NA,NA,NA,NA,NA,NA,NA,NA,NA,NA,NA,NA,NA,NA,NA,NA,NA,NA,NA,NA,NA,NA,NA,NA,NA,NA,NA,NA,NA,10,4456.7,178.76,FALSE
AND_15YR_CN,AND_DIRT_15YR_CN_raw.csv,Derek Pierson,Oregon State University,piersond@oregonstate.edu,3/7/2018,Derek Pierson,piersond@oregonstate.edu,0000-0003-3413-1693,Kate Lajtha,lajthak@science.oregonstate.edu,Not yet published,NA,DIRT,AND,H.J. Andrews,44.231,-122.22,NA,531,2370,8.8,1973-2002,1997,NA,NA,NA,NA,NA,NA,NA,NA,NA,forest,temperate coniferous forest,loam,"Old-growth Douglas-fir (Pseudotsuga menziesii (Mirbel) Franco), western hemlock (Tsuga heterophylla (Raf.) Sarg.)",NA,NA,NA,NA,NA,NA,NA,NA,NA,NA,NA,NA,NA,NA,NA,NA,NA,NA,NA,NA,NA,NA,NA,YES,NO,YES,CO,7,NO,2,14,Plot,NA,NA,NA,NA,NA,NA,NA,NA,CO,litter_manip,NA,NA,NA,NA,NA,NA,NA,NA,NA,NA,2012,NA,NA,5.069,NA,NA,NA,0.213,NA,23.745,NA,NA,0,10,5,NA,0.82,NA,NA,5.2,NA,NA,NA,13,NA,NA,NA,NA,NA,NA,NA,NA,NA,NA,NA,NA,NA,NA,NA,NA,NA,NA,NA,NA,NA,NA,NA,NA,NA,NA,NA,NA,NA,NA,NA,NA,NA,NA,NA,NA,NA,NA,NA,NA,10,4156.58,174.66,TRUE
AND_15YR_CN,AND_DIRT_15YR_CN_raw.csv,Derek Pierson,Oregon State University,piersond@oregonstate.edu,3/7/2018,Derek Pierson,piersond@oregonstate.edu,0000-0003-3413-1693,Kate Lajtha,lajthak@science.oregonstate.edu,Not yet published,NA,DIRT,AND,H.J. Andrews,44.231,-122.22,NA,531,2370,8.8,1973-2002,1997,NA,NA,NA,NA,NA,NA,NA,NA,NA,forest,temperate coniferous forest,loam,"Old-growth Douglas-fir (Pseudotsuga menziesii (Mirbel) Franco), western hemlock (Tsuga heterophylla (Raf.) Sarg.)",NA,NA,NA,NA,NA,NA,NA,NA,NA,NA,NA,NA,NA,NA,NA,NA,NA,NA,NA,NA,NA,NA,NA,YES,NO,YES,CO,7,NO,2,15,Plot,NA,NA,NA,NA,NA,NA,NA,NA,OA,litter_manip,NA,NA,NA,NA,NA,NA,NA,NA,NA,NA,2012,NA,NA,2.038,NA,NA,NA,0.052,NA,38.981,NA,NA,0,10,5,NA,0.82,NA,NA,5.2,NA,NA,NA,13,NA,NA,NA,NA,NA,NA,NA,NA,NA,NA,NA,NA,NA,NA,NA,NA,NA,NA,NA,NA,NA,NA,NA,NA,NA,NA,NA,NA,NA,NA,NA,NA,NA,NA,NA,NA,NA,NA,NA,NA,10,1671.16,42.64,FALSE
AND_15YR_CN,AND_DIRT_15YR_CN_raw.csv,Derek Pierson,Oregon State University,piersond@oregonstate.edu,3/7/2018,Derek Pierson,piersond@oregonstate.edu,0000-0003-3413-1693,Kate Lajtha,lajthak@science.oregonstate.edu,Not yet published,NA,DIRT,AND,H.J. Andrews,44.231,-122.22,NA,531,2370,8.8,1973-2002,1997,NA,NA,NA,NA,NA,NA,NA,NA,NA,forest,temperate coniferous forest,loam,"Old-growth Douglas-fir (Pseudotsuga menziesii (Mirbel) Franco), western hemlock (Tsuga heterophylla (Raf.) Sarg.)",NA,NA,NA,NA,NA,NA,NA,NA,NA,NA,NA,NA,NA,NA,NA,NA,NA,NA,NA,NA,NA,NA,NA,YES,NO,YES,CO,7,NO,2,16,Plot,NA,NA,NA,NA,NA,NA,NA,NA,DW,litter_manip,NA,NA,NA,NA,NA,NA,NA,NA,NA,NA,2012,NA,NA,9.852,NA,NA,NA,0.331,NA,29.737,NA,NA,0,10,5,NA,0.82,NA,NA,5.2,NA,NA,NA,13,NA,NA,NA,NA,NA,NA,NA,NA,NA,NA,NA,NA,NA,NA,NA,NA,NA,NA,NA,NA,NA,NA,NA,NA,NA,NA,NA,NA,NA,NA,NA,NA,NA,NA,NA,NA,NA,NA,NA,NA,10,8078.64,271.42,FALSE
AND_15YR_CN,AND_DIRT_15YR_CN_raw.csv,Derek Pierson,Oregon State University,piersond@oregonstate.edu,3/7/2018,Derek Pierson,piersond@oregonstate.edu,0000-0003-3413-1693,Kate Lajtha,lajthak@science.oregonstate.edu,Not yet published,NA,DIRT,AND,H.J. Andrews,44.231,-122.22,NA,531,2370,8.8,1973-2002,1997,NA,NA,NA,NA,NA,NA,NA,NA,NA,forest,temperate coniferous forest,loam,"Old-growth Douglas-fir (Pseudotsuga menziesii (Mirbel) Franco), western hemlock (Tsuga heterophylla (Raf.) Sarg.)",NA,NA,NA,NA,NA,NA,NA,NA,NA,NA,NA,NA,NA,NA,NA,NA,NA,NA,NA,NA,NA,NA,NA,YES,NO,YES,CO,7,NO,2,17,Plot,NA,NA,NA,NA,NA,NA,NA,NA,DN,litter_manip,NA,NA,NA,NA,NA,NA,NA,NA,NA,NA,2012,NA,NA,6.135,NA,NA,NA,0.264,NA,23.206,NA,NA,0,10,5,NA,0.82,NA,NA,5.2,NA,NA,NA,13,NA,NA,NA,NA,NA,NA,NA,NA,NA,NA,NA,NA,NA,NA,NA,NA,NA,NA,NA,NA,NA,NA,NA,NA,NA,NA,NA,NA,NA,NA,NA,NA,NA,NA,NA,NA,NA,NA,NA,NA,10,5030.7,216.48,FALSE
AND_15YR_CN,AND_DIRT_15YR_CN_raw.csv,Derek Pierson,Oregon State University,piersond@oregonstate.edu,3/7/2018,Derek Pierson,piersond@oregonstate.edu,0000-0003-3413-1693,Kate Lajtha,lajthak@science.oregonstate.edu,Not yet published,NA,DIRT,AND,H.J. Andrews,44.231,-122.22,NA,531,2370,8.8,1973-2002,1997,NA,NA,NA,NA,NA,NA,NA,NA,NA,forest,temperate coniferous forest,loam,"Old-growth Douglas-fir (Pseudotsuga menziesii (Mirbel) Franco), western hemlock (Tsuga heterophylla (Raf.) Sarg.)",NA,NA,NA,NA,NA,NA,NA,NA,NA,NA,NA,NA,NA,NA,NA,NA,NA,NA,NA,NA,NA,NA,NA,YES,NO,YES,CO,7,NO,2,18,Plot,NA,NA,NA,NA,NA,NA,NA,NA,OA,litter_manip,NA,NA,NA,NA,NA,NA,NA,NA,NA,NA,2012,NA,NA,2.413,NA,NA,NA,0.093,NA,26.03,NA,NA,0,10,5,NA,0.82,NA,NA,5.2,NA,NA,NA,13,NA,NA,NA,NA,NA,NA,NA,NA,NA,NA,NA,NA,NA,NA,NA,NA,NA,NA,NA,NA,NA,NA,NA,NA,NA,NA,NA,NA,NA,NA,NA,NA,NA,NA,NA,NA,NA,NA,NA,NA,10,1978.66,76.26,FALSE
AND_15YR_CN,AND_DIRT_15YR_CN_raw.csv,Derek Pierson,Oregon State University,piersond@oregonstate.edu,3/7/2018,Derek Pierson,piersond@oregonstate.edu,0000-0003-3413-1693,Kate Lajtha,lajthak@science.oregonstate.edu,Not yet published,NA,DIRT,AND,H.J. Andrews,44.231,-122.22,NA,531,2370,8.8,1973-2002,1997,NA,NA,NA,NA,NA,NA,NA,NA,NA,forest,temperate coniferous forest,loam,"Old-growth Douglas-fir (Pseudotsuga menziesii (Mirbel) Franco), western hemlock (Tsuga heterophylla (Raf.) Sarg.)",NA,NA,NA,NA,NA,NA,NA,NA,NA,NA,NA,NA,NA,NA,NA,NA,NA,NA,NA,NA,NA,NA,NA,YES,NO,YES,CO,7,NO,2,19,Plot,NA,NA,NA,NA,NA,NA,NA,NA,NI,litter_manip,NA,NA,NA,NA,NA,NA,NA,NA,NA,NA,2012,NA,NA,4.576,NA,NA,NA,0.191,NA,23.934,NA,NA,0,10,5,NA,0.82,NA,NA,5.2,NA,NA,NA,13,NA,NA,NA,NA,NA,NA,NA,NA,NA,NA,NA,NA,NA,NA,NA,NA,NA,NA,NA,NA,NA,NA,NA,NA,NA,NA,NA,NA,NA,NA,NA,NA,NA,NA,NA,NA,NA,NA,NA,NA,10,3752.32,156.62,FALSE
AND_15YR_CN,AND_DIRT_15YR_CN_raw.csv,Derek Pierson,Oregon State University,piersond@oregonstate.edu,3/7/2018,Derek Pierson,piersond@oregonstate.edu,0000-0003-3413-1693,Kate Lajtha,lajthak@science.oregonstate.edu,Not yet published,NA,DIRT,AND,H.J. Andrews,44.231,-122.22,NA,531,2370,8.8,1973-2002,1997,NA,NA,NA,NA,NA,NA,NA,NA,NA,forest,temperate coniferous forest,loam,"Old-growth Douglas-fir (Pseudotsuga menziesii (Mirbel) Franco), western hemlock (Tsuga heterophylla (Raf.) Sarg.)",NA,NA,NA,NA,NA,NA,NA,NA,NA,NA,NA,NA,NA,NA,NA,NA,NA,NA,NA,NA,NA,NA,NA,YES,NO,YES,CO,7,NO,2,49,Plot,NA,NA,NA,NA,NA,NA,NA,NA,NI,litter_manip,NA,NA,NA,NA,NA,NA,NA,NA,NA,NA,2012,NA,NA,3.634,NA,NA,NA,0.168,NA,21.629,NA,NA,0,10,5,NA,0.82,NA,NA,5.2,NA,NA,NA,13,NA,NA,NA,NA,NA,NA,NA,NA,NA,NA,NA,NA,NA,NA,NA,NA,NA,NA,NA,NA,NA,NA,NA,NA,NA,NA,NA,NA,NA,NA,NA,NA,NA,NA,NA,NA,NA,NA,NA,NA,10,2979.88,137.76,FALSE
AND_15YR_CN,AND_DIRT_15YR_CN_raw.csv,Derek Pierson,Oregon State University,piersond@oregonstate.edu,3/7/2018,Derek Pierson,piersond@oregonstate.edu,0000-0003-3413-1693,Kate Lajtha,lajthak@science.oregonstate.edu,Not yet published,NA,DIRT,AND,H.J. Andrews,44.231,-122.22,NA,531,2370,8.8,1973-2002,1997,NA,NA,NA,NA,NA,NA,NA,NA,NA,forest,temperate coniferous forest,loam,"Old-growth Douglas-fir (Pseudotsuga menziesii (Mirbel) Franco), western hemlock (Tsuga heterophylla (Raf.) Sarg.)",NA,NA,NA,NA,NA,NA,NA,NA,NA,NA,NA,NA,NA,NA,NA,NA,NA,NA,NA,NA,NA,NA,NA,YES,NO,YES,CO,7,NO,2,69,Plot,NA,NA,NA,NA,NA,NA,NA,NA,NI,litter_manip,NA,NA,NA,NA,NA,NA,NA,NA,NA,NA,2012,NA,NA,4.932,NA,NA,NA,0.203,NA,24.286,NA,NA,0,10,5,NA,0.82,NA,NA,5.2,NA,NA,NA,13,NA,NA,NA,NA,NA,NA,NA,NA,NA,NA,NA,NA,NA,NA,NA,NA,NA,NA,NA,NA,NA,NA,NA,NA,NA,NA,NA,NA,NA,NA,NA,NA,NA,NA,NA,NA,NA,NA,NA,NA,10,4044.24,166.46,FALSE
AND_15YR_CN,AND_DIRT_15YR_CN_raw.csv,Derek Pierson,Oregon State University,piersond@oregonstate.edu,3/7/2018,Derek Pierson,piersond@oregonstate.edu,0000-0003-3413-1693,Kate Lajtha,lajthak@science.oregonstate.edu,Not yet published,NA,DIRT,AND,H.J. Andrews,44.231,-122.22,NA,531,2370,8.8,1973-2002,1997,NA,NA,NA,NA,NA,NA,NA,NA,NA,forest,temperate coniferous forest,loam,"Old-growth Douglas-fir (Pseudotsuga menziesii (Mirbel) Franco), western hemlock (Tsuga heterophylla (Raf.) Sarg.)",NA,NA,NA,NA,NA,NA,NA,NA,NA,NA,NA,NA,NA,NA,NA,NA,NA,NA,NA,NA,NA,NA,NA,YES,NO,YES,CO,7,NO,2,1,Plot,NA,NA,NA,NA,NA,NA,NA,NA,NR,litter_manip,NA,NA,NA,NA,NA,NA,NA,NA,NA,NA,2012,NA,NA,4.231,NA,NA,NA,0.197,NA,21.501,NA,NA,10,20,15,NA,0.82,NA,NA,5.2,NA,NA,NA,13,NA,NA,NA,NA,NA,NA,NA,NA,NA,NA,NA,NA,NA,NA,NA,NA,NA,NA,NA,NA,NA,NA,NA,NA,NA,NA,NA,NA,NA,NA,NA,NA,NA,NA,NA,NA,NA,NA,NA,NA,10,3469.42,161.54,FALSE
AND_15YR_CN,AND_DIRT_15YR_CN_raw.csv,Derek Pierson,Oregon State University,piersond@oregonstate.edu,3/7/2018,Derek Pierson,piersond@oregonstate.edu,0000-0003-3413-1693,Kate Lajtha,lajthak@science.oregonstate.edu,Not yet published,NA,DIRT,AND,H.J. Andrews,44.231,-122.22,NA,531,2370,8.8,1973-2002,1997,NA,NA,NA,NA,NA,NA,NA,NA,NA,forest,temperate coniferous forest,loam,"Old-growth Douglas-fir (Pseudotsuga menziesii (Mirbel) Franco), western hemlock (Tsuga heterophylla (Raf.) Sarg.)",NA,NA,NA,NA,NA,NA,NA,NA,NA,NA,NA,NA,NA,NA,NA,NA,NA,NA,NA,NA,NA,NA,NA,YES,NO,YES,CO,7,NO,2,2,Plot,NA,NA,NA,NA,NA,NA,NA,NA,DN,litter_manip,NA,NA,NA,NA,NA,NA,NA,NA,NA,NA,2012,NA,NA,4.511,NA,NA,NA,0.182,NA,24.805,NA,NA,10,20,15,NA,0.82,NA,NA,5.2,NA,NA,NA,13,NA,NA,NA,NA,NA,NA,NA,NA,NA,NA,NA,NA,NA,NA,NA,NA,NA,NA,NA,NA,NA,NA,NA,NA,NA,NA,NA,NA,NA,NA,NA,NA,NA,NA,NA,NA,NA,NA,NA,NA,10,3699.02,149.24,FALSE
AND_15YR_CN,AND_DIRT_15YR_CN_raw.csv,Derek Pierson,Oregon State University,piersond@oregonstate.edu,3/7/2018,Derek Pierson,piersond@oregonstate.edu,0000-0003-3413-1693,Kate Lajtha,lajthak@science.oregonstate.edu,Not yet published,NA,DIRT,AND,H.J. Andrews,44.231,-122.22,NA,531,2370,8.8,1973-2002,1997,NA,NA,NA,NA,NA,NA,NA,NA,NA,forest,temperate coniferous forest,loam,"Old-growth Douglas-fir (Pseudotsuga menziesii (Mirbel) Franco), western hemlock (Tsuga heterophylla (Raf.) Sarg.)",NA,NA,NA,NA,NA,NA,NA,NA,NA,NA,NA,NA,NA,NA,NA,NA,NA,NA,NA,NA,NA,NA,NA,YES,NO,YES,CO,7,NO,2,3,Plot,NA,NA,NA,NA,NA,NA,NA,NA,NL,litter_manip,NA,NA,NA,NA,NA,NA,NA,NA,NA,NA,2012,NA,NA,4.114,NA,NA,NA,0.168,NA,24.433,NA,NA,10,20,15,NA,0.82,NA,NA,5.2,NA,NA,NA,13,NA,NA,NA,NA,NA,NA,NA,NA,NA,NA,NA,NA,NA,NA,NA,NA,NA,NA,NA,NA,NA,NA,NA,NA,NA,NA,NA,NA,NA,NA,NA,NA,NA,NA,NA,NA,NA,NA,NA,NA,10,3373.48,137.76,FALSE
AND_15YR_CN,AND_DIRT_15YR_CN_raw.csv,Derek Pierson,Oregon State University,piersond@oregonstate.edu,3/7/2018,Derek Pierson,piersond@oregonstate.edu,0000-0003-3413-1693,Kate Lajtha,lajthak@science.oregonstate.edu,Not yet published,NA,DIRT,AND,H.J. Andrews,44.231,-122.22,NA,531,2370,8.8,1973-2002,1997,NA,NA,NA,NA,NA,NA,NA,NA,NA,forest,temperate coniferous forest,loam,"Old-growth Douglas-fir (Pseudotsuga menziesii (Mirbel) Franco), western hemlock (Tsuga heterophylla (Raf.) Sarg.)",NA,NA,NA,NA,NA,NA,NA,NA,NA,NA,NA,NA,NA,NA,NA,NA,NA,NA,NA,NA,NA,NA,NA,YES,NO,YES,CO,7,NO,2,4,Plot,NA,NA,NA,NA,NA,NA,NA,NA,NR,litter_manip,NA,NA,NA,NA,NA,NA,NA,NA,NA,NA,2012,NA,NA,3.46,NA,NA,NA,0.139,NA,24.837,NA,NA,10,20,15,NA,0.82,NA,NA,5.2,NA,NA,NA,13,NA,NA,NA,NA,NA,NA,NA,NA,NA,NA,NA,NA,NA,NA,NA,NA,NA,NA,NA,NA,NA,NA,NA,NA,NA,NA,NA,NA,NA,NA,NA,NA,NA,NA,NA,NA,NA,NA,NA,NA,10,2837.2,113.98,FALSE
AND_15YR_CN,AND_DIRT_15YR_CN_raw.csv,Derek Pierson,Oregon State University,piersond@oregonstate.edu,3/7/2018,Derek Pierson,piersond@oregonstate.edu,0000-0003-3413-1693,Kate Lajtha,lajthak@science.oregonstate.edu,Not yet published,NA,DIRT,AND,H.J. Andrews,44.231,-122.22,NA,531,2370,8.8,1973-2002,1997,NA,NA,NA,NA,NA,NA,NA,NA,NA,forest,temperate coniferous forest,loam,"Old-growth Douglas-fir (Pseudotsuga menziesii (Mirbel) Franco), western hemlock (Tsuga heterophylla (Raf.) Sarg.)",NA,NA,NA,NA,NA,NA,NA,NA,NA,NA,NA,NA,NA,NA,NA,NA,NA,NA,NA,NA,NA,NA,NA,YES,NO,YES,CO,7,NO,2,5,Plot,NA,NA,NA,NA,NA,NA,NA,NA,DW,litter_manip,NA,NA,NA,NA,NA,NA,NA,NA,NA,NA,2012,NA,NA,2.584,NA,NA,NA,0.087,NA,29.769,NA,NA,10,20,15,NA,0.82,NA,NA,5.2,NA,NA,NA,13,NA,NA,NA,NA,NA,NA,NA,NA,NA,NA,NA,NA,NA,NA,NA,NA,NA,NA,NA,NA,NA,NA,NA,NA,NA,NA,NA,NA,NA,NA,NA,NA,NA,NA,NA,NA,NA,NA,NA,NA,10,2118.88,71.34,FALSE
AND_15YR_CN,AND_DIRT_15YR_CN_raw.csv,Derek Pierson,Oregon State University,piersond@oregonstate.edu,3/7/2018,Derek Pierson,piersond@oregonstate.edu,0000-0003-3413-1693,Kate Lajtha,lajthak@science.oregonstate.edu,Not yet published,NA,DIRT,AND,H.J. Andrews,44.231,-122.22,NA,531,2370,8.8,1973-2002,1997,NA,NA,NA,NA,NA,NA,NA,NA,NA,forest,temperate coniferous forest,loam,"Old-growth Douglas-fir (Pseudotsuga menziesii (Mirbel) Franco), western hemlock (Tsuga heterophylla (Raf.) Sarg.)",NA,NA,NA,NA,NA,NA,NA,NA,NA,NA,NA,NA,NA,NA,NA,NA,NA,NA,NA,NA,NA,NA,NA,YES,NO,YES,CO,7,NO,2,6,Plot,NA,NA,NA,NA,NA,NA,NA,NA,NR,litter_manip,NA,NA,NA,NA,NA,NA,NA,NA,NA,NA,2012,NA,NA,3.316,NA,NA,NA,0.153,NA,21.694,NA,NA,10,20,15,NA,0.82,NA,NA,5.2,NA,NA,NA,13,NA,NA,NA,NA,NA,NA,NA,NA,NA,NA,NA,NA,NA,NA,NA,NA,NA,NA,NA,NA,NA,NA,NA,NA,NA,NA,NA,NA,NA,NA,NA,NA,NA,NA,NA,NA,NA,NA,NA,NA,10,2719.12,125.46,FALSE
AND_15YR_CN,AND_DIRT_15YR_CN_raw.csv,Derek Pierson,Oregon State University,piersond@oregonstate.edu,3/7/2018,Derek Pierson,piersond@oregonstate.edu,0000-0003-3413-1693,Kate Lajtha,lajthak@science.oregonstate.edu,Not yet published,NA,DIRT,AND,H.J. Andrews,44.231,-122.22,NA,531,2370,8.8,1973-2002,1997,NA,NA,NA,NA,NA,NA,NA,NA,NA,forest,temperate coniferous forest,loam,"Old-growth Douglas-fir (Pseudotsuga menziesii (Mirbel) Franco), western hemlock (Tsuga heterophylla (Raf.) Sarg.)",NA,NA,NA,NA,NA,NA,NA,NA,NA,NA,NA,NA,NA,NA,NA,NA,NA,NA,NA,NA,NA,NA,NA,YES,NO,YES,CO,7,NO,2,7,Plot,NA,NA,NA,NA,NA,NA,NA,NA,NL,litter_manip,NA,NA,NA,NA,NA,NA,NA,NA,NA,NA,2012,NA,NA,2.886,NA,NA,NA,0.13,NA,22.181,NA,NA,10,20,15,NA,0.82,NA,NA,5.2,NA,NA,NA,13,NA,NA,NA,NA,NA,NA,NA,NA,NA,NA,NA,NA,NA,NA,NA,NA,NA,NA,NA,NA,NA,NA,NA,NA,NA,NA,NA,NA,NA,NA,NA,NA,NA,NA,NA,NA,NA,NA,NA,NA,10,2366.52,106.6,FALSE
AND_15YR_CN,AND_DIRT_15YR_CN_raw.csv,Derek Pierson,Oregon State University,piersond@oregonstate.edu,3/7/2018,Derek Pierson,piersond@oregonstate.edu,0000-0003-3413-1693,Kate Lajtha,lajthak@science.oregonstate.edu,Not yet published,NA,DIRT,AND,H.J. Andrews,44.231,-122.22,NA,531,2370,8.8,1973-2002,1997,NA,NA,NA,NA,NA,NA,NA,NA,NA,forest,temperate coniferous forest,loam,"Old-growth Douglas-fir (Pseudotsuga menziesii (Mirbel) Franco), western hemlock (Tsuga heterophylla (Raf.) Sarg.)",NA,NA,NA,NA,NA,NA,NA,NA,NA,NA,NA,NA,NA,NA,NA,NA,NA,NA,NA,NA,NA,NA,NA,YES,NO,YES,CO,7,NO,2,7,Plot,NA,NA,NA,NA,NA,NA,NA,NA,NL,litter_manip,NA,NA,NA,NA,NA,NA,NA,NA,NA,NA,2012,NA,NA,2.837,NA,NA,NA,0.133,NA,21.299,NA,NA,10,20,15,NA,0.82,NA,NA,5.2,NA,NA,NA,13,NA,NA,NA,NA,NA,NA,NA,NA,NA,NA,NA,NA,NA,NA,NA,NA,NA,NA,NA,NA,NA,NA,NA,NA,NA,NA,NA,NA,NA,NA,NA,NA,NA,NA,NA,NA,NA,NA,NA,NA,10,2326.34,109.06,FALSE
AND_15YR_CN,AND_DIRT_15YR_CN_raw.csv,Derek Pierson,Oregon State University,piersond@oregonstate.edu,3/7/2018,Derek Pierson,piersond@oregonstate.edu,0000-0003-3413-1693,Kate Lajtha,lajthak@science.oregonstate.edu,Not yet published,NA,DIRT,AND,H.J. Andrews,44.231,-122.22,NA,531,2370,8.8,1973-2002,1997,NA,NA,NA,NA,NA,NA,NA,NA,NA,forest,temperate coniferous forest,loam,"Old-growth Douglas-fir (Pseudotsuga menziesii (Mirbel) Franco), western hemlock (Tsuga heterophylla (Raf.) Sarg.)",NA,NA,NA,NA,NA,NA,NA,NA,NA,NA,NA,NA,NA,NA,NA,NA,NA,NA,NA,NA,NA,NA,NA,YES,NO,YES,CO,7,NO,2,8,Plot,NA,NA,NA,NA,NA,NA,NA,NA,CO,litter_manip,NA,NA,NA,NA,NA,NA,NA,NA,NA,NA,2012,NA,NA,3.894,NA,NA,NA,0.163,NA,23.841,NA,NA,10,20,15,NA,0.82,NA,NA,5.2,NA,NA,NA,13,NA,NA,NA,NA,NA,NA,NA,NA,NA,NA,NA,NA,NA,NA,NA,NA,NA,NA,NA,NA,NA,NA,NA,NA,NA,NA,NA,NA,NA,NA,NA,NA,NA,NA,NA,NA,NA,NA,NA,NA,10,3193.08,133.66,TRUE
AND_15YR_CN,AND_DIRT_15YR_CN_raw.csv,Derek Pierson,Oregon State University,piersond@oregonstate.edu,3/7/2018,Derek Pierson,piersond@oregonstate.edu,0000-0003-3413-1693,Kate Lajtha,lajthak@science.oregonstate.edu,Not yet published,NA,DIRT,AND,H.J. Andrews,44.231,-122.22,NA,531,2370,8.8,1973-2002,1997,NA,NA,NA,NA,NA,NA,NA,NA,NA,forest,temperate coniferous forest,loam,"Old-growth Douglas-fir (Pseudotsuga menziesii (Mirbel) Franco), western hemlock (Tsuga heterophylla (Raf.) Sarg.)",NA,NA,NA,NA,NA,NA,NA,NA,NA,NA,NA,NA,NA,NA,NA,NA,NA,NA,NA,NA,NA,NA,NA,YES,NO,YES,CO,7,NO,2,9,Plot,NA,NA,NA,NA,NA,NA,NA,NA,OA,litter_manip,NA,NA,NA,NA,NA,NA,NA,NA,NA,NA,2012,NA,NA,1.859,NA,NA,NA,0.07,NA,26.729,NA,NA,10,20,15,NA,0.82,NA,NA,5.2,NA,NA,NA,13,NA,NA,NA,NA,NA,NA,NA,NA,NA,NA,NA,NA,NA,NA,NA,NA,NA,NA,NA,NA,NA,NA,NA,NA,NA,NA,NA,NA,NA,NA,NA,NA,NA,NA,NA,NA,NA,NA,NA,NA,10,1524.38,57.4,FALSE
AND_15YR_CN,AND_DIRT_15YR_CN_raw.csv,Derek Pierson,Oregon State University,piersond@oregonstate.edu,3/7/2018,Derek Pierson,piersond@oregonstate.edu,0000-0003-3413-1693,Kate Lajtha,lajthak@science.oregonstate.edu,Not yet published,NA,DIRT,AND,H.J. Andrews,44.231,-122.22,NA,531,2370,8.8,1973-2002,1997,NA,NA,NA,NA,NA,NA,NA,NA,NA,forest,temperate coniferous forest,loam,"Old-growth Douglas-fir (Pseudotsuga menziesii (Mirbel) Franco), western hemlock (Tsuga heterophylla (Raf.) Sarg.)",NA,NA,NA,NA,NA,NA,NA,NA,NA,NA,NA,NA,NA,NA,NA,NA,NA,NA,NA,NA,NA,NA,NA,YES,NO,YES,CO,7,NO,2,10,Plot,NA,NA,NA,NA,NA,NA,NA,NA,DW,litter_manip,NA,NA,NA,NA,NA,NA,NA,NA,NA,NA,2012,NA,NA,4.804,NA,NA,NA,0.168,NA,28.648,NA,NA,10,20,15,NA,0.82,NA,NA,5.2,NA,NA,NA,13,NA,NA,NA,NA,NA,NA,NA,NA,NA,NA,NA,NA,NA,NA,NA,NA,NA,NA,NA,NA,NA,NA,NA,NA,NA,NA,NA,NA,NA,NA,NA,NA,NA,NA,NA,NA,NA,NA,NA,NA,10,3939.28,137.76,FALSE
AND_15YR_CN,AND_DIRT_15YR_CN_raw.csv,Derek Pierson,Oregon State University,piersond@oregonstate.edu,3/7/2018,Derek Pierson,piersond@oregonstate.edu,0000-0003-3413-1693,Kate Lajtha,lajthak@science.oregonstate.edu,Not yet published,NA,DIRT,AND,H.J. Andrews,44.231,-122.22,NA,531,2370,8.8,1973-2002,1997,NA,NA,NA,NA,NA,NA,NA,NA,NA,forest,temperate coniferous forest,loam,"Old-growth Douglas-fir (Pseudotsuga menziesii (Mirbel) Franco), western hemlock (Tsuga heterophylla (Raf.) Sarg.)",NA,NA,NA,NA,NA,NA,NA,NA,NA,NA,NA,NA,NA,NA,NA,NA,NA,NA,NA,NA,NA,NA,NA,YES,NO,YES,CO,7,NO,2,11,Plot,NA,NA,NA,NA,NA,NA,NA,NA,NL,litter_manip,NA,NA,NA,NA,NA,NA,NA,NA,NA,NA,2012,NA,NA,3.413,NA,NA,NA,0.158,NA,21.631,NA,NA,10,20,15,NA,0.82,NA,NA,5.2,NA,NA,NA,13,NA,NA,NA,NA,NA,NA,NA,NA,NA,NA,NA,NA,NA,NA,NA,NA,NA,NA,NA,NA,NA,NA,NA,NA,NA,NA,NA,NA,NA,NA,NA,NA,NA,NA,NA,NA,NA,NA,NA,NA,10,2798.66,129.56,FALSE
AND_15YR_CN,AND_DIRT_15YR_CN_raw.csv,Derek Pierson,Oregon State University,piersond@oregonstate.edu,3/7/2018,Derek Pierson,piersond@oregonstate.edu,0000-0003-3413-1693,Kate Lajtha,lajthak@science.oregonstate.edu,Not yet published,NA,DIRT,AND,H.J. Andrews,44.231,-122.22,NA,531,2370,8.8,1973-2002,1997,NA,NA,NA,NA,NA,NA,NA,NA,NA,forest,temperate coniferous forest,loam,"Old-growth Douglas-fir (Pseudotsuga menziesii (Mirbel) Franco), western hemlock (Tsuga heterophylla (Raf.) Sarg.)",NA,NA,NA,NA,NA,NA,NA,NA,NA,NA,NA,NA,NA,NA,NA,NA,NA,NA,NA,NA,NA,NA,NA,YES,NO,YES,CO,7,NO,2,12,Plot,NA,NA,NA,NA,NA,NA,NA,NA,CO,litter_manip,NA,NA,NA,NA,NA,NA,NA,NA,NA,NA,2012,NA,NA,4.281,NA,NA,NA,0.193,NA,22.213,NA,NA,10,20,15,NA,0.82,NA,NA,5.2,NA,NA,NA,13,NA,NA,NA,NA,NA,NA,NA,NA,NA,NA,NA,NA,NA,NA,NA,NA,NA,NA,NA,NA,NA,NA,NA,NA,NA,NA,NA,NA,NA,NA,NA,NA,NA,NA,NA,NA,NA,NA,NA,NA,10,3510.42,158.26,TRUE
AND_15YR_CN,AND_DIRT_15YR_CN_raw.csv,Derek Pierson,Oregon State University,piersond@oregonstate.edu,3/7/2018,Derek Pierson,piersond@oregonstate.edu,0000-0003-3413-1693,Kate Lajtha,lajthak@science.oregonstate.edu,Not yet published,NA,DIRT,AND,H.J. Andrews,44.231,-122.22,NA,531,2370,8.8,1973-2002,1997,NA,NA,NA,NA,NA,NA,NA,NA,NA,forest,temperate coniferous forest,loam,"Old-growth Douglas-fir (Pseudotsuga menziesii (Mirbel) Franco), western hemlock (Tsuga heterophylla (Raf.) Sarg.)",NA,NA,NA,NA,NA,NA,NA,NA,NA,NA,NA,NA,NA,NA,NA,NA,NA,NA,NA,NA,NA,NA,NA,YES,NO,YES,CO,7,NO,2,13,Plot,NA,NA,NA,NA,NA,NA,NA,NA,DN,litter_manip,NA,NA,NA,NA,NA,NA,NA,NA,NA,NA,2012,NA,NA,3.111,NA,NA,NA,0.127,NA,24.58,NA,NA,10,20,15,NA,0.82,NA,NA,5.2,NA,NA,NA,13,NA,NA,NA,NA,NA,NA,NA,NA,NA,NA,NA,NA,NA,NA,NA,NA,NA,NA,NA,NA,NA,NA,NA,NA,NA,NA,NA,NA,NA,NA,NA,NA,NA,NA,NA,NA,NA,NA,NA,NA,10,2551.02,104.14,FALSE
AND_15YR_CN,AND_DIRT_15YR_CN_raw.csv,Derek Pierson,Oregon State University,piersond@oregonstate.edu,3/7/2018,Derek Pierson,piersond@oregonstate.edu,0000-0003-3413-1693,Kate Lajtha,lajthak@science.oregonstate.edu,Not yet published,NA,DIRT,AND,H.J. Andrews,44.231,-122.22,NA,531,2370,8.8,1973-2002,1997,NA,NA,NA,NA,NA,NA,NA,NA,NA,forest,temperate coniferous forest,loam,"Old-growth Douglas-fir (Pseudotsuga menziesii (Mirbel) Franco), western hemlock (Tsuga heterophylla (Raf.) Sarg.)",NA,NA,NA,NA,NA,NA,NA,NA,NA,NA,NA,NA,NA,NA,NA,NA,NA,NA,NA,NA,NA,NA,NA,YES,NO,YES,CO,7,NO,2,14,Plot,NA,NA,NA,NA,NA,NA,NA,NA,CO,litter_manip,NA,NA,NA,NA,NA,NA,NA,NA,NA,NA,2012,NA,NA,3.581,NA,NA,NA,0.126,NA,28.427,NA,NA,10,20,15,NA,0.82,NA,NA,5.2,NA,NA,NA,13,NA,NA,NA,NA,NA,NA,NA,NA,NA,NA,NA,NA,NA,NA,NA,NA,NA,NA,NA,NA,NA,NA,NA,NA,NA,NA,NA,NA,NA,NA,NA,NA,NA,NA,NA,NA,NA,NA,NA,NA,10,2936.42,103.32,TRUE
AND_15YR_CN,AND_DIRT_15YR_CN_raw.csv,Derek Pierson,Oregon State University,piersond@oregonstate.edu,3/7/2018,Derek Pierson,piersond@oregonstate.edu,0000-0003-3413-1693,Kate Lajtha,lajthak@science.oregonstate.edu,Not yet published,NA,DIRT,AND,H.J. Andrews,44.231,-122.22,NA,531,2370,8.8,1973-2002,1997,NA,NA,NA,NA,NA,NA,NA,NA,NA,forest,temperate coniferous forest,loam,"Old-growth Douglas-fir (Pseudotsuga menziesii (Mirbel) Franco), western hemlock (Tsuga heterophylla (Raf.) Sarg.)",NA,NA,NA,NA,NA,NA,NA,NA,NA,NA,NA,NA,NA,NA,NA,NA,NA,NA,NA,NA,NA,NA,NA,YES,NO,YES,CO,7,NO,2,15,Plot,NA,NA,NA,NA,NA,NA,NA,NA,OA,litter_manip,NA,NA,NA,NA,NA,NA,NA,NA,NA,NA,2012,NA,NA,2.1,NA,NA,NA,0.077,NA,27.449,NA,NA,10,20,15,NA,0.82,NA,NA,5.2,NA,NA,NA,13,NA,NA,NA,NA,NA,NA,NA,NA,NA,NA,NA,NA,NA,NA,NA,NA,NA,NA,NA,NA,NA,NA,NA,NA,NA,NA,NA,NA,NA,NA,NA,NA,NA,NA,NA,NA,NA,NA,NA,NA,10,1722,63.14,FALSE
AND_15YR_CN,AND_DIRT_15YR_CN_raw.csv,Derek Pierson,Oregon State University,piersond@oregonstate.edu,3/7/2018,Derek Pierson,piersond@oregonstate.edu,0000-0003-3413-1693,Kate Lajtha,lajthak@science.oregonstate.edu,Not yet published,NA,DIRT,AND,H.J. Andrews,44.231,-122.22,NA,531,2370,8.8,1973-2002,1997,NA,NA,NA,NA,NA,NA,NA,NA,NA,forest,temperate coniferous forest,loam,"Old-growth Douglas-fir (Pseudotsuga menziesii (Mirbel) Franco), western hemlock (Tsuga heterophylla (Raf.) Sarg.)",NA,NA,NA,NA,NA,NA,NA,NA,NA,NA,NA,NA,NA,NA,NA,NA,NA,NA,NA,NA,NA,NA,NA,YES,NO,YES,CO,7,NO,2,16,Plot,NA,NA,NA,NA,NA,NA,NA,NA,DW,litter_manip,NA,NA,NA,NA,NA,NA,NA,NA,NA,NA,2012,NA,NA,4.982,NA,NA,NA,0.175,NA,28.481,NA,NA,10,20,15,NA,0.82,NA,NA,5.2,NA,NA,NA,13,NA,NA,NA,NA,NA,NA,NA,NA,NA,NA,NA,NA,NA,NA,NA,NA,NA,NA,NA,NA,NA,NA,NA,NA,NA,NA,NA,NA,NA,NA,NA,NA,NA,NA,NA,NA,NA,NA,NA,NA,10,4085.24,143.5,FALSE
AND_15YR_CN,AND_DIRT_15YR_CN_raw.csv,Derek Pierson,Oregon State University,piersond@oregonstate.edu,3/7/2018,Derek Pierson,piersond@oregonstate.edu,0000-0003-3413-1693,Kate Lajtha,lajthak@science.oregonstate.edu,Not yet published,NA,DIRT,AND,H.J. Andrews,44.231,-122.22,NA,531,2370,8.8,1973-2002,1997,NA,NA,NA,NA,NA,NA,NA,NA,NA,forest,temperate coniferous forest,loam,"Old-growth Douglas-fir (Pseudotsuga menziesii (Mirbel) Franco), western hemlock (Tsuga heterophylla (Raf.) Sarg.)",NA,NA,NA,NA,NA,NA,NA,NA,NA,NA,NA,NA,NA,NA,NA,NA,NA,NA,NA,NA,NA,NA,NA,YES,NO,YES,CO,7,NO,2,17,Plot,NA,NA,NA,NA,NA,NA,NA,NA,DN,litter_manip,NA,NA,NA,NA,NA,NA,NA,NA,NA,NA,2012,NA,NA,3.075,NA,NA,NA,0.15,NA,20.518,NA,NA,10,20,15,NA,0.82,NA,NA,5.2,NA,NA,NA,13,NA,NA,NA,NA,NA,NA,NA,NA,NA,NA,NA,NA,NA,NA,NA,NA,NA,NA,NA,NA,NA,NA,NA,NA,NA,NA,NA,NA,NA,NA,NA,NA,NA,NA,NA,NA,NA,NA,NA,NA,10,2521.5,123,FALSE
AND_15YR_CN,AND_DIRT_15YR_CN_raw.csv,Derek Pierson,Oregon State University,piersond@oregonstate.edu,3/7/2018,Derek Pierson,piersond@oregonstate.edu,0000-0003-3413-1693,Kate Lajtha,lajthak@science.oregonstate.edu,Not yet published,NA,DIRT,AND,H.J. Andrews,44.231,-122.22,NA,531,2370,8.8,1973-2002,1997,NA,NA,NA,NA,NA,NA,NA,NA,NA,forest,temperate coniferous forest,loam,"Old-growth Douglas-fir (Pseudotsuga menziesii (Mirbel) Franco), western hemlock (Tsuga heterophylla (Raf.) Sarg.)",NA,NA,NA,NA,NA,NA,NA,NA,NA,NA,NA,NA,NA,NA,NA,NA,NA,NA,NA,NA,NA,NA,NA,YES,NO,YES,CO,7,NO,2,18,Plot,NA,NA,NA,NA,NA,NA,NA,NA,OA,litter_manip,NA,NA,NA,NA,NA,NA,NA,NA,NA,NA,2012,NA,NA,2.386,NA,NA,NA,0.108,NA,22.093,NA,NA,10,20,15,NA,0.82,NA,NA,5.2,NA,NA,NA,13,NA,NA,NA,NA,NA,NA,NA,NA,NA,NA,NA,NA,NA,NA,NA,NA,NA,NA,NA,NA,NA,NA,NA,NA,NA,NA,NA,NA,NA,NA,NA,NA,NA,NA,NA,NA,NA,NA,NA,NA,10,1956.52,88.56,FALSE
AND_15YR_CN,AND_DIRT_15YR_CN_raw.csv,Derek Pierson,Oregon State University,piersond@oregonstate.edu,3/7/2018,Derek Pierson,piersond@oregonstate.edu,0000-0003-3413-1693,Kate Lajtha,lajthak@science.oregonstate.edu,Not yet published,NA,DIRT,AND,H.J. Andrews,44.231,-122.22,NA,531,2370,8.8,1973-2002,1997,NA,NA,NA,NA,NA,NA,NA,NA,NA,forest,temperate coniferous forest,loam,"Old-growth Douglas-fir (Pseudotsuga menziesii (Mirbel) Franco), western hemlock (Tsuga heterophylla (Raf.) Sarg.)",NA,NA,NA,NA,NA,NA,NA,NA,NA,NA,NA,NA,NA,NA,NA,NA,NA,NA,NA,NA,NA,NA,NA,YES,NO,YES,CO,7,NO,2,19,Plot,NA,NA,NA,NA,NA,NA,NA,NA,NI,litter_manip,NA,NA,NA,NA,NA,NA,NA,NA,NA,NA,2012,NA,NA,3.395,NA,NA,NA,0.135,NA,25.17,NA,NA,10,20,15,NA,0.82,NA,NA,5.2,NA,NA,NA,13,NA,NA,NA,NA,NA,NA,NA,NA,NA,NA,NA,NA,NA,NA,NA,NA,NA,NA,NA,NA,NA,NA,NA,NA,NA,NA,NA,NA,NA,NA,NA,NA,NA,NA,NA,NA,NA,NA,NA,NA,10,2783.9,110.7,FALSE
AND_15YR_CN,AND_DIRT_15YR_CN_raw.csv,Derek Pierson,Oregon State University,piersond@oregonstate.edu,3/7/2018,Derek Pierson,piersond@oregonstate.edu,0000-0003-3413-1693,Kate Lajtha,lajthak@science.oregonstate.edu,Not yet published,NA,DIRT,AND,H.J. Andrews,44.231,-122.22,NA,531,2370,8.8,1973-2002,1997,NA,NA,NA,NA,NA,NA,NA,NA,NA,forest,temperate coniferous forest,loam,"Old-growth Douglas-fir (Pseudotsuga menziesii (Mirbel) Franco), western hemlock (Tsuga heterophylla (Raf.) Sarg.)",NA,NA,NA,NA,NA,NA,NA,NA,NA,NA,NA,NA,NA,NA,NA,NA,NA,NA,NA,NA,NA,NA,NA,YES,NO,YES,CO,7,NO,2,49,Plot,NA,NA,NA,NA,NA,NA,NA,NA,NI,litter_manip,NA,NA,NA,NA,NA,NA,NA,NA,NA,NA,2012,NA,NA,2.299,NA,NA,NA,0.102,NA,22.45,NA,NA,10,20,15,NA,0.82,NA,NA,5.2,NA,NA,NA,13,NA,NA,NA,NA,NA,NA,NA,NA,NA,NA,NA,NA,NA,NA,NA,NA,NA,NA,NA,NA,NA,NA,NA,NA,NA,NA,NA,NA,NA,NA,NA,NA,NA,NA,NA,NA,NA,NA,NA,NA,10,1885.18,83.64,FALSE
AND_15YR_CN,AND_DIRT_15YR_CN_raw.csv,Derek Pierson,Oregon State University,piersond@oregonstate.edu,3/7/2018,Derek Pierson,piersond@oregonstate.edu,0000-0003-3413-1693,Kate Lajtha,lajthak@science.oregonstate.edu,Not yet published,NA,DIRT,AND,H.J. Andrews,44.231,-122.22,NA,531,2370,8.8,1973-2002,1997,NA,NA,NA,NA,NA,NA,NA,NA,NA,forest,temperate coniferous forest,loam,"Old-growth Douglas-fir (Pseudotsuga menziesii (Mirbel) Franco), western hemlock (Tsuga heterophylla (Raf.) Sarg.)",NA,NA,NA,NA,NA,NA,NA,NA,NA,NA,NA,NA,NA,NA,NA,NA,NA,NA,NA,NA,NA,NA,NA,YES,NO,YES,CO,7,NO,2,69,Plot,NA,NA,NA,NA,NA,NA,NA,NA,NI,litter_manip,NA,NA,NA,NA,NA,NA,NA,NA,NA,NA,2012,NA,NA,3.423,NA,NA,NA,0.135,NA,25.371,NA,NA,10,20,15,NA,0.82,NA,NA,5.2,NA,NA,NA,13,NA,NA,NA,NA,NA,NA,NA,NA,NA,NA,NA,NA,NA,NA,NA,NA,NA,NA,NA,NA,NA,NA,NA,NA,NA,NA,NA,NA,NA,NA,NA,NA,NA,NA,NA,NA,NA,NA,NA,NA,10,2806.86,110.7,FALSE
